"question_id","category","question","answer","expected_behavior","expected_keywords","forbidden_keywords","should_answer","primary_source_document","secondary_source_documents","source_pages","difficulty","notes"
"1","factual","What is the primary objective of the Comprehensive Cyber Security Audit Policy Guidelines?","Its primary objective is to provide a structured, standardized framework for consistent, effective, and secure cyber security audits, clarify auditor and auditee responsibilities, and promote continuous improvement of security posture.","Retrieve one document","standardized audit framework,uniform standards,auditor responsibilities,auditee responsibilities,continuous improvement","","true","CISG-2025-02-Comprehensive Cyber Security Audit Policy.pdf","","6","easy",""
"2","factual","Who issued the Comprehensive Cyber Security Audit Policy Guidelines?","The guidelines were issued by the Indian Computer Emergency Response Team (CERT-In).","Retrieve one document","CERT-In,Indian Computer Emergency Response Team,statutory authority","","true","CISG-2025-02-Comprehensive Cyber Security Audit Policy.pdf","","1,5","easy",""
"3","factual","Which ministry does CERT-In operate under?","CERT-In operates under the Ministry of Electronics and Information Technology (MeitY), Government of India.","Retrieve one document","Ministry of Electronics and Information Technology,MeitY,Government of India","","true","CISG-2025-02-Comprehensive Cyber Security Audit Policy.pdf","","1","easy",""
"4","definition","What is a Cyber Security Audit?","A Cyber Security Audit is a systematic and independent assessment of an organization's security controls, policies, and procedures to evaluate how effectively they protect information systems and data from cyber threats.","Retrieve one document","systematic assessment,independent assessment,security controls,policies,cyber threats","","true","CISG-2025-02-Comprehensive Cyber Security Audit Policy.pdf","","8","easy",""
"5","definition","Define Audit Evidence.","Audit Evidence is information, documentation, logs, observations, or other data collected during an audit that substantiates findings and supports conclusions. It must be accurate, relevant, sufficient, and properly documented.","Retrieve one document","audit evidence,logs,observations,findings,accurate,relevant,sufficient","","true","CISG-2025-02-Comprehensive Cyber Security Audit Policy.pdf","","8","easy",""
"6","definition","Define Working Notes.","Working Notes are auditors' internal records of audit activities, methods used, evidence gathered, and preliminary findings, maintained to substantiate conclusions and support later review and verification.","Retrieve one document","working notes,audit activities,methodologies,evidence,preliminary findings,verification","","true","CISG-2025-02-Comprehensive Cyber Security Audit Policy.pdf","","8","easy",""
"7","definition","What is meant by Non-Conformity?","Non-Conformity or Non-Compliance is a condition in which a process, control, or practice fails to meet prescribed standards, regulatory requirements, or internal policies and therefore may require corrective action.","Retrieve one document","non-conformity,non-compliance,standards,regulatory requirements,internal policies,corrective action","","true","CISG-2025-02-Comprehensive Cyber Security Audit Policy.pdf","","9","easy",""
"8","definition","Define Root Cause Analysis.","Root Cause Analysis is a systematic investigation to identify the fundamental causes or underlying factors behind an incident, audit finding, or failure so corrective action addresses the source rather than only the symptoms.","Retrieve one document","root cause analysis,fundamental causes,underlying factors,corrective action,symptoms","","true","CISG-2025-02-Comprehensive Cyber Security Audit Policy.pdf","","9","easy",""
"9","definition","What is a Closure Report?","A Closure Report is the comprehensive report produced at the end of an audit confirming that observations, findings, and issues have been addressed, remediated, or closed and that necessary corrective actions were taken.","Retrieve one document","closure report,observations,remediation,corrective actions,audit objectives","","true","CISG-2025-02-Comprehensive Cyber Security Audit Policy.pdf","","9","easy",""
"10","definition","What is meant by Security Posture?","Security Posture is the overall security standing of an organization's information systems, networks, and controls at a point in time, reflecting its ability to prevent, detect, and respond to incidents.","Retrieve one document","security posture,information systems,security controls,prevent,detect,respond","","true","CISG-2025-02-Comprehensive Cyber Security Audit Policy.pdf","","9","easy",""
"11","definition","What is a Security Control?","A Security Control is an administrative, technical, or physical measure, safeguard, or countermeasure used to mitigate risk, enforce security policy, reduce vulnerabilities, and protect the confidentiality, integrity, and availability of systems, data, and assets.","Retrieve one document","security control,administrative control,technical control,physical control,risk mitigation,confidentiality integrity availability","","true","CISG-2025-02-Comprehensive Cyber Security Audit Policy.pdf","","10","easy",""
"12","definition","What is a Staging Environment?","A Staging Environment is a controlled, non-production environment that replicates production so applications, software, or configurations can be tested and validated before live deployment.","Retrieve one document","staging environment,non-production,production replica,testing,validation,deployment","","true","CISG-2025-02-Comprehensive Cyber Security Audit Policy.pdf","","10","easy",""
"13","definition","Define Production Environment.","A Production Environment is the live operational setting in which an organization's systems, applications, and services are actively used by end users.","Retrieve one document","production environment,live environment,operational setting,end users,applications","","true","CISG-2025-02-Comprehensive Cyber Security Audit Policy.pdf","","10","easy",""
"14","definition","What is a Non-Disclosure Agreement?","A Non-Disclosure Agreement is a legally binding contract requiring confidentiality for sensitive or proprietary information exchanged during an audit, including audit data, findings, and communications.","Retrieve one document","non-disclosure agreement,NDA,confidentiality,sensitive information,audit findings","","true","CISG-2025-02-Comprehensive Cyber Security Audit Policy.pdf","","10","easy",""
"15","definition","Define Conflict of Interest.","A Conflict of Interest exists when an auditor's personal, financial, or organizational interests could influence or compromise objective and impartial auditing, including overlap between implementing controls and auditing or remediation.","Retrieve one document","conflict of interest,objectivity,impartiality,control implementation,remediation,disclosure","","true","CISG-2025-02-Comprehensive Cyber Security Audit Policy.pdf","","10-11","easy",""
"16","definition","What is a CVE?","CVE is a publicly disclosed standardized list of unique identifiers for known cyber security vulnerabilities; each entry provides an identifier, brief description, and references.","Retrieve one document","CVE,unique identifier,known vulnerabilities,public disclosure,standardized list","","true","CISG-2025-02-Comprehensive Cyber Security Audit Policy.pdf","","11","easy",""
"17","definition","What is a CWE?","CWE is a community-developed list of common software and hardware weaknesses that may lead to security vulnerabilities.","Retrieve one document","CWE,software weaknesses,hardware weaknesses,community-developed,vulnerabilities","","true","CISG-2025-02-Comprehensive Cyber Security Audit Policy.pdf","","11","easy",""
"18","definition","What is Denial of Service testing?","Denial of Service and Distributed Denial of Service testing simulates traffic overload or service disruption to assess whether systems can resist malicious high-volume traffic, prevent downtime, and maintain availability.","Retrieve one document","DoS,DDoS,simulated attack,traffic overload,service availability,resilience","","true","CISG-2025-02-Comprehensive Cyber Security Audit Policy.pdf","","11","easy",""
"19","definition","What is Vulnerability Assessment?","Vulnerability Assessment examines an information system or product to evaluate security measures, identify deficiencies, predict the effectiveness of proposed controls, and confirm their adequacy after implementation.","Retrieve one document","vulnerability assessment,security deficiencies,security measures,control effectiveness,validation","","true","CISG-2025-02-Comprehensive Cyber Security Audit Policy.pdf","","11-12","easy",""
"20","definition","What is Penetration Testing?","Penetration Testing actively tests individual components or an entire application to identify and exploit vulnerabilities and determine whether they can compromise the application, sensitive data, or underlying infrastructure.","Retrieve one document","penetration testing,active testing,vulnerability exploitation,sensitive data,infrastructure compromise","","true","CISG-2025-02-Comprehensive Cyber Security Audit Policy.pdf","","12","easy",""
"21","definition","What is a Red Team Assessment?","A Red Team Assessment is a real-world-style exercise in which a simulated adversary attempts to attack or exploit vulnerabilities in an enterprise's information systems.","Retrieve one document","red team assessment,simulated adversary,real-world conditions,attack,vulnerability exploitation","","true","CISG-2025-02-Comprehensive Cyber Security Audit Policy.pdf","","12","easy",""
"22","definition","What is CVSS?","CVSS is a framework that captures a vulnerability's principal characteristics and produces a 0.0-to-10.0 severity score that can be translated into low, medium, high, or critical ratings for remediation prioritization.","Retrieve one document","CVSS,severity score,0.0 to 10.0,low medium high critical,remediation prioritization","","true","CISG-2025-02-Comprehensive Cyber Security Audit Policy.pdf","","12","easy",""
"23","definition","What is EPSS?","EPSS is a data-driven system that estimates the probability that a software vulnerability will be exploited in the wild, expressed as a score from 0 to 1 or 0% to 100%.","Retrieve one document","EPSS,exploit probability,data-driven,in-the-wild exploitation,0 to 1","","true","CISG-2025-02-Comprehensive Cyber Security Audit Policy.pdf","","12-13","easy",""
"24","factual","What organizations are covered under the audit guidelines?","The guidelines cover CERT-In empanelled auditing organizations and auditee organizations in public and private sectors that are required or choose to assess security posture, vulnerabilities, risk, and compliance.","Retrieve one document","CERT-In empanelled auditors,auditee organizations,public sector,private sector,security posture,compliance","","true","CISG-2025-02-Comprehensive Cyber Security Audit Policy.pdf","","7","easy",""
"25","factual","What is the purpose of audit evidence?","Audit evidence substantiates observations and findings, supports audit conclusions, and enables decision-makers to make credible risk-based decisions.","Retrieve one document","substantiate findings,support conclusions,objective evidence,risk-based decisions,audit report","","true","CISG-2025-02-Comprehensive Cyber Security Audit Policy.pdf","","8,64","easy",""
"26","factual","How often should comprehensive cyber security audits be conducted?","A comprehensive audit covering all aspects of an organization's ICT systems should be conducted at least once a year. Regulators or the organization may require more frequent audits based on criticality, risk, or major changes.","Retrieve one document","annual audit,ICT systems,minimum frequency,asset criticality,major changes","","true","CISG-2025-02-Comprehensive Cyber Security Audit Policy.pdf","","14,42-43","easy",""
"27","definition","What is meant by operational audits?","Operational audits evaluate an organization's cyber security operations, processes, and controls for efficiency, effectiveness, and alignment with security objectives.","Retrieve one document","operational audit,cybersecurity operations,processes,controls,efficiency,effectiveness","","true","CISG-2025-02-Comprehensive Cyber Security Audit Policy.pdf","","15","easy",""
"28","definition","What is source code review?","Source code review examines application source code for security vulnerabilities, coding errors, and inefficiencies and checks adherence to coding standards, best practices, and regulatory requirements.","Retrieve one document","source code review,security vulnerabilities,coding errors,coding standards,regulatory requirements","","true","CISG-2025-02-Comprehensive Cyber Security Audit Policy.pdf","","15","easy",""
"29","definition","What is process security testing?","Process security testing evaluates security measures and controls within operational processes to identify vulnerabilities and verify that sensitive information, systems, and applications are protected.","Retrieve one document","process security testing,operational processes,security controls,vulnerabilities,sensitive information","","true","CISG-2025-02-Comprehensive Cyber Security Audit Policy.pdf","","15","easy",""
"30","definition","What is communication security testing?","Communication security testing evaluates controls on communication channels to find vulnerabilities and verify protection against unauthorized access, interception, modification, or disruption.","Retrieve one document","communication security,communication channels,unauthorized access,interception,modification,disruption","","true","CISG-2025-02-Comprehensive Cyber Security Audit Policy.pdf","","15","easy",""
"31","definition","What is wireless security testing?","Wireless security testing simulates attacks against a wireless network to identify vulnerabilities and verify protection against unauthorized access and data breaches.","Retrieve one document","wireless security,simulated attacks,wireless network,unauthorized access,data breaches","","true","CISG-2025-02-Comprehensive Cyber Security Audit Policy.pdf","","16","easy",""
"32","definition","What is physical security testing?","Physical security testing assesses measures protecting facilities, equipment, personnel, and other assets against unauthorized access, theft, damage, and physical threats.","Retrieve one document","physical security,facilities,equipment,personnel,unauthorized access,theft","","true","CISG-2025-02-Comprehensive Cyber Security Audit Policy.pdf","","16","easy",""
"33","definition","What is digital forensic readiness assessment?","A Digital Forensic Readiness Assessment evaluates whether an organization is prepared to collect, preserve, and analyze digital evidence effectively after a security incident.","Retrieve one document","digital forensic readiness,collect evidence,preserve evidence,analyze evidence,security incident","","true","CISG-2025-02-Comprehensive Cyber Security Audit Policy.pdf","","16","easy",""
"34","definition","What is cloud security testing?","Cloud security testing evaluates the security measures, configurations, and vulnerabilities of cloud-based systems, applications, and infrastructure.","Retrieve one document","cloud security,cloud configuration,cloud systems,cloud applications,vulnerabilities","","true","CISG-2025-02-Comprehensive Cyber Security Audit Policy.pdf","","16","easy",""
"35","definition","What is ICS/OT security testing?","ICS/OT security testing evaluates the cyber security posture of industrial control systems and operational technology networks to find vulnerabilities and threats that could disrupt safety, production, or system availability.","Retrieve one document","ICS,OT,industrial control systems,operational technology,safety,system availability","","true","CISG-2025-02-Comprehensive Cyber Security Audit Policy.pdf","","16","easy",""
"36","definition","What is IoT security testing?","IoT/IIoT security testing evaluates connected devices and networks, particularly industrial environments, to identify vulnerabilities and potential attack vectors.","Retrieve one document","IoT,IIoT,connected devices,industrial networks,vulnerabilities,attack vectors","","true","CISG-2025-02-Comprehensive Cyber Security Audit Policy.pdf","","16","easy",""
"37","definition","What is endpoint security assessment?","Endpoint security assessment evaluates desktops, laptops, mobile devices, and other endpoints for secure configurations, patching, malware protection, encryption, access controls, and monitoring.","Retrieve one document","endpoint security,secure configuration,patching,malware protection,encryption,access controls,monitoring","","true","CISG-2025-02-Comprehensive Cyber Security Audit Policy.pdf","","17","easy",""
"38","definition","What is AI system auditing?","AI system auditing evaluates AI systems for security, ethical alignment, transparency, data integrity, and resilience against adversarial manipulation.","Retrieve one document","AI system audit,security,ethical alignment,transparency,data integrity,adversarial manipulation","","true","CISG-2025-02-Comprehensive Cyber Security Audit Policy.pdf","","17","easy",""
"39","definition","What is vendor risk management auditing?","Vendor risk management auditing assesses third-party and vendor cyber security practices to identify supply-chain risks and verify alignment with organizational security policies.","Retrieve one document","vendor risk management,third party,cybersecurity practices,supply chain risk,security policies","","true","CISG-2025-02-Comprehensive Cyber Security Audit Policy.pdf","","17","easy",""
"40","definition","What is blockchain security auditing?","Blockchain security auditing assesses blockchain systems, smart contracts, and infrastructure for vulnerabilities, cryptographic integrity, access controls, consensus mechanisms, and compliance with security and regulatory requirements.","Retrieve one document","blockchain audit,smart contracts,cryptographic integrity,access controls,consensus mechanisms,compliance","","true","CISG-2025-02-Comprehensive Cyber Security Audit Policy.pdf","","17","easy",""
"41","definition","What is SBOM auditing?","SBOM auditing evaluates Software Bills of Materials for component transparency, traceability, and integrity; known vulnerabilities, licensing issues, third-party and supply-chain risks; and adherence to secure development and regulatory requirements.","Retrieve one document","SBOM audit,component transparency,traceability,known vulnerabilities,licensing,supply chain risk","","true","CISG-2025-02-Comprehensive Cyber Security Audit Policy.pdf","","17-18","easy",""
"42","definition","What is QBOM auditing?","QBOM auditing evaluates the Quantum Bill of Materials to verify transparency, traceability, and integrity of quantum-related components and identify vulnerabilities and supply-chain risks.","Retrieve one document","QBOM audit,quantum components,transparency,traceability,integrity,supply chain risk","","true","CISG-2025-02-Comprehensive Cyber Security Audit Policy.pdf","","17-18","easy",""
"43","definition","What is AIBOM auditing?","AIBOM auditing evaluates the Artificial Intelligence Bill of Materials for visibility, traceability, integrity, vulnerabilities, licensing concerns, third-party dependencies, supply-chain risks, and secure lifecycle compliance.","Retrieve one document","AIBOM audit,AI components,dependencies,traceability,vulnerabilities,supply chain risk","","true","CISG-2025-02-Comprehensive Cyber Security Audit Policy.pdf","","17-18","easy",""
"44","executive_summary","What are the main responsibilities of the auditor?","Auditors independently evaluate controls and compliance and report the point-in-time security posture; use competent, approved personnel and authorized tools; preserve independence, ethics, confidentiality, evidence quality, and timelines; immediately report high-risk findings; and issue clear, complete, properly reviewed and signed reports.","Retrieve one document","independent assessment,compliance,competent personnel,confidentiality,evidence,high-risk findings,audit report","","true","CISG-2025-02-Comprehensive Cyber Security Audit Policy.pdf","","30-35,47-50,54-60","easy",""
"45","executive_summary","What are the responsibilities of the auditee?","The auditee owns its security posture and audit process: management approves scope and remediation, provides complete asset-based scope and access, monitors execution, treats risk and exceptions formally, patches findings, preserves artifacts, and arranges follow-up audits to verify closure.","Retrieve one document","auditee responsibility,management approval,asset inventory,remediation,risk acceptance,audit monitoring,follow-up audit","","true","CISG-2025-02-Comprehensive Cyber Security Audit Policy.pdf","","25-29,41-46,53-54","easy",""
"46","executive_summary","What are the basic principles of cyber security auditing?","The basic principles are independence, objectivity, integrity, professional skepticism, professional judgment, professional care, confidentiality, transparency, and accountability.","Retrieve one document","independence,objectivity,integrity,professional skepticism,professional judgment,confidentiality,accountability","","true","CISG-2025-02-Comprehensive Cyber Security Audit Policy.pdf","","19-21","easy",""
"47","factual","What standards should auditors use during assessments?","Auditors should use comprehensive industry standards and methodologies such as ISO/IEC standards, CERT-In Cyber Security Audit Baseline Requirements, CSA CCM, OSSTMM3, OWASP WSTG, ASVS, MSTG, the OWASP DevSecOps Maturity Model, and applicable CERT-In and regulatory directions.","Retrieve one document","ISO IEC,Cyber Security Audit Baseline Requirements,CSA CCM,OSSTMM3,OWASP WSTG,ASVS,MSTG","","true","CISG-2025-02-Comprehensive Cyber Security Audit Policy.pdf","","22-23","easy",""
"48","factual","Why are tool-only audits discouraged?","Tool-only audits are discouraged because automated tools can overlook manual and non-automated parts of IT infrastructure and therefore provide an incomplete view of overall security.","Retrieve one document","tool-only audit,automated testing,manual testing,incomplete coverage,IT infrastructure","","true","CISG-2025-02-Comprehensive Cyber Security Audit Policy.pdf","","22","easy",""
"49","factual","Why are OWASP Top 10 alone insufficient for audits?","OWASP Top 10 is a limited list rather than a comprehensive audit standard. Audits must seek all known vulnerabilities using broader standards, domain-specific testing guides, and applicable regulatory directions.","Retrieve one document","OWASP Top 10,limited list,comprehensive standards,all known vulnerabilities,regulatory directions","","true","CISG-2025-02-Comprehensive Cyber Security Audit Policy.pdf","","22","easy",""
"50","definition","What is meant by independence in auditing?","Independence means auditors remain free from bias, conflicts of interest, external influence, and outcome-linked commercial pressure, with findings based solely on evidence.","Retrieve one document","independence,bias,conflict of interest,external influence,evidence,outcome-linked payment","","true","CISG-2025-02-Comprehensive Cyber Security Audit Policy.pdf","","19","easy",""
"51","acronym","Expand CVSS.","CVSS stands for Common Vulnerability Scoring System.","Retrieve one document","CVSS,Common Vulnerability Scoring System,vulnerability severity","","true","CISG-2025-02-Comprehensive Cyber Security Audit Policy.pdf","","12","easy",""
"52","acronym","Expand EPSS.","EPSS stands for Exploit Prediction Scoring System.","Retrieve one document","EPSS,Exploit Prediction Scoring System,exploit likelihood","","true","CISG-2025-02-Comprehensive Cyber Security Audit Policy.pdf","","12-13","easy",""
"53","acronym","Expand SBOM.","SBOM stands for Software Bill of Materials.","Retrieve one document","SBOM,Software Bill of Materials,software components","","true","CISG-2024-02- SBOM  AIBOM  HBOM Version 2.0.pdf","","5","easy",""
"54","acronym","Expand QBOM.","QBOM stands for Quantum Bill of Materials.","Retrieve one document","QBOM,Quantum Bill of Materials,quantum components","","true","CISG-2024-02- SBOM  AIBOM  HBOM Version 2.0.pdf","","43","easy",""
"55","acronym","Expand AIBOM.","AIBOM stands for Artificial Intelligence Bill of Materials.","Retrieve one document","AIBOM,Artificial Intelligence Bill of Materials,AI components","","true","CISG-2024-02- SBOM  AIBOM  HBOM Version 2.0.pdf","","54","easy",""
"56","acronym","Expand HBOM.","HBOM stands for Hardware Bill of Materials.","Retrieve one document","HBOM,Hardware Bill of Materials,hardware components","","true","CISG-2024-02- SBOM  AIBOM  HBOM Version 2.0.pdf","","60","easy",""
"57","acronym","Expand CBOM.","CBOM stands for Cryptographic Bill of Materials.","Retrieve one document","CBOM,Cryptographic Bill of Materials,cryptographic assets","","true","CISG-2024-02- SBOM  AIBOM  HBOM Version 2.0.pdf","","43","easy",""
"58","acronym","Expand ICS.","ICS stands for Industrial Control Systems.","Retrieve one document","ICS,Industrial Control Systems,industrial systems","","true","CISG-2025-02-Comprehensive Cyber Security Audit Policy.pdf","","16","easy",""
"59","acronym","Expand OT.","OT stands for Operational Technology.","Retrieve one document","OT,Operational Technology,industrial networks","","true","CISG-2025-02-Comprehensive Cyber Security Audit Policy.pdf","","16","easy",""
"60","acronym","Expand IoT.","IoT stands for Internet of Things.","Retrieve one document","IoT,Internet of Things,connected devices","","true","CISG-2025-02-Comprehensive Cyber Security Audit Policy.pdf","","16","easy",""
"61","acronym","Expand IIoT.","IIoT stands for Industrial Internet of Things.","Retrieve one document","IIoT,Industrial Internet of Things,industrial connected devices","","true","CISG-2025-02-Comprehensive Cyber Security Audit Policy.pdf","","16","easy",""
"62","acronym","Expand TT&C.","TT&C stands for Telemetry, Tracking, and Command.","Retrieve one document","TT&C,Telemetry Tracking and Command,satellite control","","true","CISG-2026-01-Cyber Security Framework for Space & Satellite Communication.pdf","","7","easy",""
"63","acronym","Expand CSSO.","CSSO stands for Chief Satellite Security Officer.","Retrieve one document","CSSO,Chief Satellite Security Officer,space cybersecurity governance","","true","CISG-2026-01-Cyber Security Framework for Space & Satellite Communication.pdf","","8","easy",""
"64","acronym","Expand CISO.","CISO stands for Chief Information Security Officer.","Retrieve one document","CISO,Chief Information Security Officer,security governance","","true","CISG-2026-01-Cyber Security Framework for Space & Satellite Communication.pdf","","8","easy",""
"65","acronym","Expand SatCom.","SatCom stands for Satellite Communication.","Retrieve one document","SatCom,Satellite Communication,communication links","","true","CISG-2026-01-Cyber Security Framework for Space & Satellite Communication.pdf","","6","easy",""
"66","acronym","Expand CCSDS.","CCSDS stands for Consultative Committee for Space Data Systems.","Retrieve one document","CCSDS,Consultative Committee for Space Data Systems,space data","","true","CISG-2026-01-Cyber Security Framework for Space & Satellite Communication.pdf","","4","easy",""
"67","acronym","Expand SPARTA.","SPARTA stands for Space Attack Research and Tactic Analysis.","Retrieve one document","SPARTA,Space Attack Research and Tactic Analysis,space threats","","true","CISG-2026-01-Cyber Security Framework for Space & Satellite Communication.pdf","","4,10","easy",""
"68","acronym","Expand SPACE-SHIELD.","SPACE-SHIELD stands for Space Attacks and Countermeasures Engineering Shield.","Retrieve one document","SPACE-SHIELD,Space Attacks and Countermeasures Engineering Shield,space defense","","true","CISG-2026-01-Cyber Security Framework for Space & Satellite Communication.pdf","","4","easy",""
"69","acronym","Expand TREKS.","TREKS stands for Targeting, Reconnaissance, and Exploitation Kill Chain for Space.","Retrieve one document","TREKS,Targeting Reconnaissance and Exploitation Kill Chain for Space,kill chain","","true","CISG-2026-01-Cyber Security Framework for Space & Satellite Communication.pdf","","4,10","easy",""
"70","acronym","Expand NIST.","NIST stands for National Institute of Standards and Technology.","Retrieve one document","NIST,National Institute of Standards and Technology,standards","","true","CISG-2026-01-Cyber Security Framework for Space & Satellite Communication.pdf","","9","easy",""
"71","acronym","Expand FIPS.","FIPS stands for Federal Information Processing Standards.","Retrieve one document","FIPS,Federal Information Processing Standards,cryptographic modules","","true","CISG-2026-01-Cyber Security Framework for Space & Satellite Communication.pdf","","8-9","easy",""
"72","acronym","Expand ECSS.","ECSS stands for European Cooperation for Space Standardization.","Retrieve one document","ECSS,European Cooperation for Space Standardization,space standards","","true","CISG-2026-01-Cyber Security Framework for Space & Satellite Communication.pdf","","8-9","easy",""
"73","acronym","Expand GIS.","GIS stands for Geographic Information Systems.","Retrieve one document","GIS,Geographic Information Systems,spatial data","","true","CISG-2026-01-Cyber Security Framework for Space & Satellite Communication.pdf","","5","easy",""
"74","acronym","Expand RF.","RF stands for Radio Frequency.","Retrieve one document","RF,Radio Frequency,satellite links","","true","CISG-2026-01-Cyber Security Framework for Space & Satellite Communication.pdf","","9","easy",""
"75","acronym","Expand GNSS.","GNSS stands for Global Navigation Satellite System.","Retrieve one document","GNSS,Global Navigation Satellite System,navigation","","true","CISG-2026-01-Cyber Security Framework for Space & Satellite Communication.pdf","","9","easy",""
"76","acronym","Expand ZTA.","ZTA stands for Zero-Trust Architecture.","Retrieve one document","ZTA,Zero-Trust Architecture,continuous verification","","true","CISG-2026-01-Cyber Security Framework for Space & Satellite Communication.pdf","","8,10","easy",""
"77","acronym","Expand SOC.","SOC stands for Security Operations Centre.","Retrieve one document","SOC,Security Operations Centre,security monitoring","","true","CISG-2026-01-Cyber Security Framework for Space & Satellite Communication.pdf","","10","easy",""
"78","acronym","Expand IR.","IR stands for Incident Response.","Retrieve one document","IR,Incident Response,detection containment recovery","","true","CISG-2026-01-Cyber Security Framework for Space & Satellite Communication.pdf","","8","easy",""
"79","acronym","Expand API.","API stands for Application Programming Interface.","Retrieve one document","API,Application Programming Interface,software interface","","true","CISG-2026-01-Cyber Security Framework for Space & Satellite Communication.pdf","","9","easy",""
"80","acronym","Expand AES.","AES stands for Advanced Encryption Standard.","Retrieve one document","AES,Advanced Encryption Standard,encryption","","true","CISG-2026-01-Cyber Security Framework for Space & Satellite Communication.pdf","","17","easy",""
"81","procedure","How should an organization prepare for a cyber security audit?","Prepare by defining a complete scope from an updated asset inventory; include production, development, testing/UAT, applications, networks, APIs, databases, cloud, OT/ICS, code, data security, incident response, vendors, and follow-up work; obtain internal audit/CISO vetting; assign technical contacts; agree standards, timelines, tasks, documentation, reporting, data handling, escalation, and an NDA. This preparation matters because omitted assets or environments create blind spots and weaken the value of the final opinion. The resulting management decision is whether the proposed scope, resources, access, standards, and follow-up provisions are complete enough to authorize the audit.","Retrieve one document","asset inventory,audit scope,CISO,technical contact,audit contract,NDA,follow-up audit","","true","CISG-2025-02-Comprehensive Cyber Security Audit Policy.pdf","","41-47","medium",""
"82","procedure","What should auditors do before starting an engagement?","Before starting, auditors should confirm a signed NDA and engagement letter; agree scope, objectives, standards, report format, assets, timelines, data retention, and deliverables; disclose the approved team and test venue; obtain written authorization for tools and penetration or high-risk tests; establish contacts, escalation, secure report distribution, and the obligation to share audit metadata with CERT-In. These are pre-engagement control gates: testing should not begin until legal authority, technical boundaries, personnel, tools, communications, and evidence-handling expectations are documented. They support a clear go/no-go decision and reduce operational disruption, confidentiality failures, and expectation gaps.","Retrieve one document","NDA,engagement letter,scope,team approval,written authorization,escalation matrix,CERT-In metadata","","true","CISG-2025-02-Comprehensive Cyber Security Audit Policy.pdf","","47-51","medium",""
"83","procedure","How should audit evidence be documented?","Document objective evidence for both compliance and non-compliance, compile it accurately with the report, and present it so decision-makers can use it for risk decisions. Submit collected evidence as an appendix, maintain working notes, and protect evidence with encryption and access controls. For CIAL, evidence acceptance should therefore depend on traceability from each observation to objective artifacts, secure preservation, and sufficient context for management to understand the risk. Unsupported observations should not drive remediation decisions until the auditor supplies the agreed clarification or justification.","Retrieve one document","objective evidence,compliance,non-compliance,report appendix,working notes,encryption,access controls","","true","CISG-2025-02-Comprehensive Cyber Security Audit Policy.pdf","","64-65","medium",""
"84","procedure","How should vulnerabilities be categorized?","Categorize each vulnerability by CVSS severity, supplement it with EPSS exploit likelihood, and map reported observations to applicable CWE and CVE identifiers. Use the combined severity, exploitability, exposure, and impact to prioritize remediation. This combined classification prevents CIAL from treating technical severity as the only priority. It supports remediation sequencing that distinguishes a severe but unlikely issue from a vulnerability that is exposed, exploitable in practice, and important to business operations.","Retrieve one document","CVSS,EPSS,CWE,CVE,severity,exploitability,remediation priority","","true","CISG-2025-02-Comprehensive Cyber Security Audit Policy.pdf","","12-13,59","medium",""
"85","procedure","How should findings be reported?","Report findings in a clear, precise, comprehensive report covering scope, duration, methods, standards, tools, manual work, assets, findings, prioritization, sampling, personnel, exemptions, limitations, versions, and supporting artifacts. Include an executive summary translating technical findings into business risk; immediately notify critical/high issues; specify closure timelines; and use authorized, confidential delivery. The report is therefore both a technical record and a management decision document. CIAL can use it to approve remediation priorities, accept or escalate risk, assign accountable owners, and track closure without losing the evidence, limitations, or testing context behind each finding.","Retrieve one document","comprehensive report,executive summary,business risk,critical findings,closure timelines,secure delivery,signatures","","true","CISG-2025-02-Comprehensive Cyber Security Audit Policy.pdf","","58-61","medium",""
"86","procedure","What should be included in an incident response plan?","An incident response plan should define incident classification, roles, escalation and executive communication, reporting and stakeholder channels, evidence preservation, detection and triage, containment, investigation, recovery, and post-incident improvement. It should be documented, periodically tested, and supported by scenario playbooks. The plan matters because response speed depends on decisions being assigned before an incident occurs. It supports approval of escalation thresholds, evidence-handling responsibilities, containment authority, recovery arrangements, communication routes, and an exercise schedule that demonstrates operational readiness.","Retrieve multiple documents","incident classification,roles,escalation,evidence preservation,containment,recovery,testing","","true","CISG-2026-01-Cyber Security Framework for Space & Satellite Communication.pdf","CISG-2026-02- AI-Assisted Vulnerabilities in Digital Infrastructure.pdf","33-34;27-28","medium","Primary pp. 33-34; secondary pp. 27-28."
"87","procedure","How should root cause analysis be performed?","Perform RCA as a systematic investigation of the fundamental causes and underlying factors behind the incident or finding, not merely its symptoms. Use incident evidence, log and forensic analysis, verify that immediate issues and threat-actor footholds are resolved, and feed lessons into control and response improvements. The operational decision is not merely whether service has been restored, but whether the underlying cause and any residual attacker access have been removed. Closure should therefore depend on evidence that corrective controls work and that lessons have been incorporated into response and resilience practices.","Retrieve multiple documents","root cause analysis,fundamental cause,log analysis,forensic review,control validation,lessons learned","","true","CISG-2025-02-Comprehensive Cyber Security Audit Policy.pdf","CISG-2026-02- AI-Assisted Vulnerabilities in Digital Infrastructure.pdf","9,64-65;28","medium","Primary pp. 9 and 64-65; secondary p. 28."
"88","procedure","How should closure reports be prepared?","After remediation, perform a follow-up audit to verify closure of vulnerabilities and non-conformities. The closure/final report should show that observations were addressed, record severity-based closure timelines and evidence, and be issued after closure and production-environment follow-up; any staging-only limitation must be explicit. This makes the closure report a control gate rather than an administrative formality. CIAL can use it to decide whether residual risk is acceptable, whether production deployment or continued operation is justified, and whether additional remediation or revalidation is still required.","Retrieve one document","follow-up audit,closure verification,non-conformities,remediation evidence,production environment,final report","","true","CISG-2025-02-Comprehensive Cyber Security Audit Policy.pdf","","9,60","medium",""
"89","procedure","How should auditors maintain confidentiality?","Use valid NDAs, restrict access to authorized personnel, encrypt audit data on auditor systems, store auditee data only on safeguarded systems in India with consent where needed, share reports strictly on a need-to-know and authorized basis, use secure delivery, and securely erase project data after completion with deletion certification. These requirements support a data-handling decision covering where audit material may reside, who may access it, how long it may be retained, and how deletion will be evidenced. Confidentiality controls apply throughout collection, transmission, storage, reporting, retention, and disposal.","Retrieve one document","NDA,authorized access,encryption,data localization,need to know,secure deletion,confidential delivery","","true","CISG-2025-02-Comprehensive Cyber Security Audit Policy.pdf","","21,30-33,45-47,57,60-61","medium",""
"90","procedure","How should conflicts of interest be handled?","Auditors must identify and disclose any personal, financial, or organizational conflict and manage it to preserve independence. The same entity should not both implement and audit controls or conduct the audit while owning remediation, and commercial terms must not depend on findings or closure outcomes. For CIAL, independence should be assessed before appointment and monitored during delivery. A disclosed conflict, overlapping implementation role, remediation ownership, or outcome-dependent fee can undermine confidence in findings and should trigger management action to remove or formally manage the conflict.","Retrieve one document","conflict disclosure,independence,implementation overlap,remediation overlap,outcome-linked fees,impartiality","","true","CISG-2025-02-Comprehensive Cyber Security Audit Policy.pdf","","10-11,19","medium",""
"91","procedure","What steps are involved in vulnerability assessments?","Define the assets and environment, use comprehensive standards, examine controls to identify deficiencies, combine automated and manual methods, classify findings with CVSS and EPSS, report supporting evidence and practical remediation, patch promptly, and re-assess to verify closure. Assessments should be periodic and after application changes. This creates an evidence-based vulnerability-management cycle rather than a one-time scan. CIAL can use the results to decide which weaknesses require immediate correction, which controls need redesign, and whether remediation is verified strongly enough to close the finding.","Retrieve multiple documents","scope,security controls,automated and manual testing,CVSS,EPSS,remediation,reassessment","","true","CISG-2024-01-Secure Application Design, Development & Operations.pdf","CISG-2025-02-Comprehensive Cyber Security Audit Policy.pdf","12-13;11-14,22,59-60","medium","Primary pp. 12-13; secondary pp. 11-14, 22, and 59-60."
"92","procedure","What is the process for penetration testing?","Obtain explicit written authorization and an agreed scope, simulate real-world attacks against the specified systems or applications, identify and safely validate exploitable weaknesses, assess possible compromise and impact, document evidence and remediation, and retest after fixes. Application penetration testing should be repeated with each release or source-code modification. The authorization and safety controls are essential because penetration testing intentionally exercises attack paths and can affect availability. CIAL should use the agreed rules of engagement, approved environment, test evidence, impact analysis, and retest results as the basis for accepting the test outcome.","Retrieve multiple documents","written authorization,real-world simulation,exploit validation,impact assessment,remediation,retest,each release","","true","CISG-2024-01-Secure Application Design, Development & Operations.pdf","CISG-2025-02-Comprehensive Cyber Security Audit Policy.pdf","12;12,48,50,55-56","medium","Primary p. 12; secondary pp. 12, 48, 50, and 55-56."
"93","procedure","How should source code reviews be conducted?","Use both manual and automated review: manually examine code logic and design for issues tools may miss, and scan the codebase for common vulnerabilities and coding errors. Verify coding standards and look for threats such as SQL injection and cross-site scripting. The two review modes are complementary: automation provides scale and consistency, while manual review addresses business logic and design weaknesses. This supports decisions on reviewer skills, tool coverage, code-release gates, and whether identified defects have been corrected before deployment.","Retrieve one document","manual review,automated review,code logic,coding standards,SQL injection,cross-site scripting","","true","CISG-2024-01-Secure Application Design, Development & Operations.pdf","","12","medium",""
"94","procedure","What activities are included in operational audits?","Operational audits evaluate cyber security operations, processes, and controls for efficiency, effectiveness, and alignment with security objectives. The audit should cover the applicable operating procedures, security processes, controls, evidence, and regulatory requirements within the agreed scope. The decision value is whether day-to-day security operations are not only documented but actually effective and aligned to business risk. Findings should support changes to process ownership, control design, staffing, monitoring, and performance measures where operational evidence shows gaps.","Retrieve one document","security operations,operational processes,security controls,efficiency,effectiveness,security objectives,evidence","","true","CISG-2025-02-Comprehensive Cyber Security Audit Policy.pdf","","15,41,54-58","medium",""
"95","procedure","How should AI systems be evaluated during audits?","Evaluate AI systems for conventional software and infrastructure weaknesses and AI/ML-specific adversarial risks. Review model and data integrity, provenance, dependencies, APIs and orchestration, access controls, logging, privacy, transparency, bias, fairness, robustness, explainability, unsafe outputs, prompt injection, and human oversight; use adversarial testing, red teaming, and continuous validation. This breadth matters because an AI system can pass conventional software testing while still failing through unsafe model behavior, compromised data, insecure integrations, or excessive autonomy. The assessment supports decisions on deployment approval, operational boundaries, human review, supplier assurance, and the frequency of continuing validation.","Retrieve one document","AI system audit,model integrity,prompt injection,adversarial testing,provenance,logging,human oversight,robustness","","true","CISG-2026-02- AI-Assisted Vulnerabilities in Digital Infrastructure.pdf","","29,31-35","medium",""
"96","procedure","How should blockchain systems be audited?","Audit blockchain systems by assessing smart contracts and supporting infrastructure for vulnerabilities, verifying cryptographic integrity, reviewing access controls and consensus mechanisms, and checking compliance with security best practices and regulatory requirements. The audit therefore needs evidence from both the application layer and the underlying blockchain environment. Its outcome supports decisions on smart-contract release, access and key controls, infrastructure hardening, remediation, and whether the implementation meets applicable governance requirements.","Retrieve one document","smart contracts,blockchain infrastructure,cryptographic integrity,access controls,consensus mechanisms,regulatory compliance","","true","CISG-2025-02-Comprehensive Cyber Security Audit Policy.pdf","","17","medium",""
"97","procedure","What is the recommended process for vendor risk assessment?","Classify vendors by business impact and compromise likelihood, perform security due diligence and posture assessment, review dependencies, provenance, contractual and data-handling obligations, third-party access and resilience, require internal-equivalent baseline controls, and periodically reassess suppliers and critical dependencies. The resulting risk record should show which suppliers are acceptable, which require contractual or technical controls, and which dependencies need contingency arrangements. This gives CIAL a defensible basis for onboarding, renewal, restricted access, reassessment, or replacement decisions.","Perform cross-document synthesis","vendor due diligence,business impact,security posture,provenance,contractual controls,third-party access,supplier reassessment","","true","CISG-2025-03-Cyber Defense Controls for MSMEs.pdf","CISG-2026-02- AI-Assisted Vulnerabilities in Digital Infrastructure.pdf,CISG-2025-02-Comprehensive Cyber Security Audit Policy.pdf","8;15,29,33;17,42","medium","Primary p. 8; AI pp. 15, 29, and 33; audit policy pp. 17 and 42."
"98","procedure","How should SBOMs be evaluated?","Verify that the SBOM is complete, accurate, version-specific, current after releases and patches, and contains required component, dependency, license, vulnerability, patch, criticality, provenance, hash, author, and timestamp fields. Check SPDX or CycloneDX machine-readable format, supplier validation, secure access and distribution, integration with VEX/CSAF and vulnerability sources, vulnerability-management use, and regular process audits. The audit should determine whether the SBOM can actually support rapid exposure analysis, not merely whether a file exists. CIAL can use the result to set procurement acceptance criteria, identify affected components during advisories, prioritize remediation, and require suppliers to correct incomplete or stale BOM data.","Retrieve one document","SBOM completeness,component dependencies,SPDX,CycloneDX,VEX,CSAF,vulnerability management,secure distribution","","true","CISG-2024-02- SBOM  AIBOM  HBOM Version 2.0.pdf","","22-24,32-41","medium",""
"99","procedure","How should endpoint security be assessed?","Assess endpoint configurations, patch status, licensed malware/endpoint protection, encryption, access controls, application controls, and monitoring. Verify operating-system protections are enabled, unauthorized software is restricted, removable media is controlled, and endpoint telemetry supports detection and response. The assessment should produce device-level evidence of control coverage and exceptions. That evidence supports decisions on minimum endpoint baselines, software restrictions, patch escalation, removable-media policy, monitoring deployment, and whether a device may access CIAL systems.","Perform cross-document synthesis","endpoint configuration,patching,malware protection,encryption,access control,removable media,endpoint telemetry","","true","CISG-2025-02-Comprehensive Cyber Security Audit Policy.pdf","CISG-2025-03-Cyber Defense Controls for MSMEs.pdf,CISG-2026-02- AI-Assisted Vulnerabilities in Digital Infrastructure.pdf","17;6-7;18-19","medium","Primary p. 17; MSME pp. 6-7; AI pp. 18-19."
"100","procedure","What should be reviewed during cloud security testing?","Review cloud security configurations, identity and access controls, data-protection mechanisms, exposed services and APIs, workload vulnerabilities, logging and continuous monitoring, and the security of cloud-based systems, applications, and infrastructure. The review matters because cloud exposure commonly arises from the interaction of configuration, identity, APIs, data controls, and monitoring rather than from a single component. Results support decisions on workload approval, remediation priority, access design, logging coverage, and continuous cloud posture monitoring.","Retrieve multiple documents","cloud configuration,identity access controls,data protection,cloud workloads,APIs,logging,continuous monitoring","","true","CISG-2026-02- AI-Assisted Vulnerabilities in Digital Infrastructure.pdf","CISG-2025-02-Comprehensive Cyber Security Audit Policy.pdf","18-19;16","medium","Primary pp. 18-19; secondary p. 16."
"101","procedure","How should mobile applications be audited?","Perform a structured mobile-app assessment covering architecture, components, configuration, data protection, and secure-development compliance. Use the OWASP Mobile Security Testing Guide with broader applicable standards, identify vulnerabilities through appropriate testing, report evidence, remediate, and conduct follow-up validation. The outcome should identify whether the specific application version and its data flows are suitable for release. It supports decisions on remediation, release gating, secure-development improvements, and the need for revalidation after material code or configuration changes.","Retrieve one document","mobile application audit,data protection,secure development,OWASP MSTG,application architecture,remediation,follow-up validation","","true","CISG-2025-02-Comprehensive Cyber Security Audit Policy.pdf","","15-16,22,59-60","medium",""
"102","procedure","What is involved in wireless security testing?","Evaluate wireless-network controls by simulating authorized attacks to find vulnerabilities and test resistance to unauthorized access and data breaches. Review encryption, authentication, credentials, rogue access-point detection, network segregation, and endpoint auto-connection behavior. The operational decision is whether wireless access can be permitted under the configured controls and segmentation. Evidence should support approval of encryption and authentication standards, guest-network separation, rogue-access-point monitoring, and restrictions on endpoint connection behavior.","Perform cross-document synthesis","wireless testing,simulated attacks,WPA2 WPA3,authentication,rogue access point,network segregation,unauthorized access","","true","CISG-2025-02-Comprehensive Cyber Security Audit Policy.pdf","CISG-2025-03-Cyber Defense Controls for MSMEs.pdf,CISG-2023-01-Information Security Practices for Government Entities.pdf","16;6;16","medium","Primary p. 16; MSME p. 6; government practices p. 16."
"103","procedure","How should communication security be validated?","Validate communication channels for confidentiality, integrity, authentication, and availability by testing controls against unauthorized access, interception, modification, replay, and disruption. Verify secure protocols, end-to-end encryption where required, authentication, key management, and monitoring. This validation supports approval of communication architecture and protocols, not just individual devices. CIAL can use the results to decide whether channels, keys, authentication, monitoring, and resilience controls adequately protect sensitive or operational traffic.","Retrieve multiple documents","communication channels,confidentiality,integrity,authentication,end-to-end encryption,key management,replay protection","","true","CISG-2025-02-Comprehensive Cyber Security Audit Policy.pdf","CISG-2026-01-Cyber Security Framework for Space & Satellite Communication.pdf","15;17","medium","Primary p. 15; secondary p. 17."
"104","procedure","What are the recommended practices for digital forensic readiness?","Ensure systems generate and securely retain the logs and evidence needed for investigation; define collection, preservation, access, integrity, synchronization, and analysis procedures; maintain trained personnel and tools; test readiness; and explicitly report evidence or log gaps with recommendations for additional capture. Readiness is demonstrated only when required evidence will be available, trustworthy, and usable during an incident. The assessment supports decisions on log sources, retention, synchronization, storage, access, forensic procedures, and remediation of evidence gaps before an investigation is needed.","Perform cross-document synthesis","forensic readiness,evidence collection,evidence preservation,secure logs,evidence integrity,forensic analysis,log gaps","","true","CISG-2025-02-Comprehensive Cyber Security Audit Policy.pdf","CISG-2026-01-Cyber Security Framework for Space & Satellite Communication.pdf,CISG-2026-03- AI-Accelerated Vulnerability Protection & Response.pdf","16,64-65;34;8-9","medium","Primary pp. 16 and 64-65; space p. 34; OEM pp. 8-9."
"105","procedure","How should network infrastructure audits be performed?","Perform a comprehensive, authorized review of routers, switches, firewalls, endpoints, servers, IDS/IPS, software, configurations, access controls, segmentation, remote access, patching, logging, and other network protections. Use complete asset-based scope, manual and automated methods, evidence-backed findings, remediation, and follow-up validation. The audit should connect each weakness to the affected asset, control, evidence, and operational impact. This supports decisions on segmentation, secure configuration, remote-access restrictions, patching, monitoring, equipment replacement, and follow-up testing across the network estate.","Retrieve one document","network infrastructure,firewalls,routers,switches,IDS IPS,configurations,access controls,segmentation","","true","CISG-2025-02-Comprehensive Cyber Security Audit Policy.pdf","","14-15,22,41,54-60","medium",""
"106","procedure","What should organizations do after completing an audit?","Act on relevant findings, patch vulnerabilities promptly, implement practical recommended controls, track severity-based closure timelines, and conduct a follow-up audit to verify closure. Present outcomes to management, preserve required records, and use lessons to improve security continuously. Audit completion is therefore the start of a governed remediation and verification phase. CIAL management should use the report and follow-up evidence to assign ownership, approve timelines, track residual risk, and determine whether each observation can be formally closed.","Retrieve one document","remediation,patch vulnerabilities,closure timelines,follow-up audit,management reporting,continuous improvement","","true","CISG-2025-02-Comprehensive Cyber Security Audit Policy.pdf","","26,59-60,62-65","medium",""
"107","procedure","How should corrective actions be prioritized?","Prioritize corrective action using CVSS severity together with EPSS exploit likelihood, exposure, business criticality, threat intelligence, and operational impact. Notify critical/high findings immediately, set severity-based closure timelines, and use compensating controls when immediate remediation is not feasible. This approach supports a defensible remediation queue and explicit exception handling. CIAL can decide where immediate containment is required, where a scheduled patch is acceptable, and where documented compensating controls and enhanced monitoring are necessary until permanent correction.","Retrieve multiple documents","CVSS,EPSS,exploitability,business criticality,threat intelligence,closure timelines,compensating controls","","true","CISG-2025-02-Comprehensive Cyber Security Audit Policy.pdf","CISG-2026-02- AI-Assisted Vulnerabilities in Digital Infrastructure.pdf","12-13,59-60;25-27","medium","Primary pp. 12-13 and 59-60; secondary pp. 25-27."
"108","procedure","How should organizations maintain audit documentation?","Maintain versioned reports, working notes, engagement agreements, approvals, evidence appendices, scope and asset records, methods, findings, remediation, and follow-up results. Store them securely with encryption and access control, retain them only for the agreed or regulatory period, and dispose of them through a defined secure process. The documentation set is the audit trail for scope, authorization, testing, conclusions, and closure. It supports later regulatory review, repeat-finding analysis, management oversight, and defensible risk decisions while limiting confidentiality exposure through controlled retention and disposal.","Retrieve one document","versioned reports,working notes,evidence appendix,encryption,access control,retention period,secure disposal","","true","CISG-2025-02-Comprehensive Cyber Security Audit Policy.pdf","","8,32-33,45-46,58,64","medium",""
"109","definition","What is the role of professional skepticism during an audit?","Professional skepticism requires auditors to critically assess information, question assumptions, and seek corroborating evidence so they can identify gaps, inaccuracies, or risks that are not immediately visible. This matters because management representations and tool output are not sufficient on their own. Professional skepticism improves the reliability of findings and supports decisions based on corroborated evidence rather than untested assumptions.","Retrieve one document","professional skepticism,critical assessment,question assumptions,supporting evidence,gaps,inaccuracies","","true","CISG-2025-02-Comprehensive Cyber Security Audit Policy.pdf","","20","medium",""
"110","definition","What is the role of professional judgment?","Professional judgment is the use of experience, evidence, and contextual understanding to make informed audit decisions suited to the auditee's environment, risk profile, and regulatory requirements. Professional judgment is needed when evidence is incomplete, controls interact, or risk depends on business context. It supports consistent decisions on testing depth, significance of findings, sampling, escalation, and the practicality of remediation while remaining anchored to evidence and applicable requirements.","Retrieve one document","professional judgment,experience,evidence,context,auditee environment,risk profile,regulatory requirements","","true","CISG-2025-02-Comprehensive Cyber Security Audit Policy.pdf","","20","medium",""
"111","executive_summary","What are the 15 Elemental Cyber Defense Controls?","The 15 controls are Effective Asset Management; Network and Email Security; Endpoint and Mobile Security; Secure Configurations; Patch Management; Incident Management; Logging and Monitoring; Awareness and Training; Third Party Risk Management; Data Protection, Backup and Recovery; Governance and Compliance; Robust Password Policy; Access Control and Identity Management; Physical Security; and Vulnerability Audits and Assessments. Together, these controls define a minimum cyber-security baseline rather than a complete risk program. CIAL can use the list to structure policy ownership, assign implementation workstreams, conduct a baseline self-assessment, and identify which areas require stronger controls based on its own risk and operational needs.","Retrieve one document","Effective Asset Management,Network and Email Security,Endpoint and Mobile Security,Incident Management,Logging and Monitoring,Third Party Risk Management,Vulnerability Audits and Assessments","","true","CISG-2025-03-Cyber Defense Controls for MSMEs.pdf","","6-10","medium",""
"112","factual","What is the purpose of Effective Asset Management?","Effective Asset Management establishes and maintains an efficient framework for tracking, monitoring, and optimizing physical and digital assets throughout their lifecycle. This matters because security decisions depend on knowing what exists, who owns it, how sensitive it is, and where it is in the lifecycle. The control supports prioritizing protection, patching, monitoring, and secure disposal using a reliable asset record.","Retrieve one document","Effective Asset Management,asset tracking,asset monitoring,physical assets,digital assets,asset lifecycle","","true","CISG-2025-03-Cyber Defense Controls for MSMEs.pdf","","6","medium",""
"113","procedure","What recommendations are provided under EAM?","Maintain a centralized, continuously updated inventory of hardware, software, and information assets; identify, label, and classify sensitive assets; and track each asset from acquisition through deployment and use to secure disposal, updating location, status, and condition changes. The inventory becomes operational evidence for access control, vulnerability management, audit scope, and accountability. CIAL should be able to trace an asset's owner, classification, location, status, changes, and disposal rather than rely on separate or stale records.","Retrieve one document","centralized inventory,hardware,software,information assets,classification,asset lifecycle,secure disposal","","true","CISG-2025-03-Cyber Defense Controls for MSMEs.pdf","","6","medium",""
"114","enterprise","What controls are included under Network and Email Security?","Network and Email Security includes properly configured perimeter and host firewalls, secure Wi-Fi, encrypted MFA-protected VPN access, and SPF, DKIM, and DMARC for email and messaging protection. These controls form a layered baseline: firewalls reduce unauthorized network access, secure wireless and VPN controls protect connectivity, and email authentication reduces phishing and domain-spoofing exposure. They support configuration standards and evidence requirements for network, remote-access, and messaging services.","Retrieve one document","firewalls,secure Wi-Fi,VPN,MFA,SPF,DKIM,DMARC","","true","CISG-2025-03-Cyber Defense Controls for MSMEs.pdf","","6","medium",""
"115","procedure","What recommendations are provided for secure Wi-Fi?","Configure Wi-Fi with WPA2 or WPA3 encryption, strong passwords, and hidden SSIDs; replace factory-default credentials; separate guest networks from internal systems; prevent endpoints from auto-connecting to open or public Wi-Fi; and enforce secure settings on all devices. The control objective is to prevent weak wireless settings or unmanaged guest and public connections from becoming paths into internal systems. It supports decisions on approved encryption, credential standards, network separation, device configuration, and whether a wireless service may be enabled.","Retrieve one document","WPA2,WPA3,strong passwords,hidden SSID,guest network segregation,default credentials,open Wi-Fi","","true","CISG-2025-03-Cyber Defense Controls for MSMEs.pdf","","6","medium",""
"116","procedure","What is recommended for VPN deployment?","Deploy VPNs using encryption and multi-factor authentication to protect remote access and remote-work environments. Encryption protects the remote session, while MFA reduces the risk that a stolen password alone can grant access. For CIAL, both controls should be treated as acceptance criteria for remote-access approval rather than optional VPN features.","Retrieve one document","VPN,encryption,multi-factor authentication,remote access,remote work","","true","CISG-2025-03-Cyber Defense Controls for MSMEs.pdf","","6","medium",""
"117","procedure","What email protections are recommended?","Protect email and messaging systems against phishing and spoofing by implementing SPF, DKIM, and DMARC. SPF identifies authorized sending systems, DKIM provides message-signing assurance, and DMARC establishes handling and reporting for authentication failures. Together they provide a concrete implementation and verification baseline for reducing spoofing and phishing through CIAL-controlled domains.","Retrieve one document","SPF,DKIM,DMARC,phishing,spoofing,email security","","true","CISG-2025-03-Cyber Defense Controls for MSMEs.pdf","","6","medium",""
"118","enterprise","What controls are included under Endpoint Security?","Endpoint and Mobile Security requires licensed antivirus or endpoint protection with updates, preservation of built-in OS security, prohibition of pirated or unauthorized software, restricted installation rights, CERT-In Cyber Swachhta Kendra onboarding, and control of USB/removable media and autorun. The objective is to prevent malware, unauthorized applications, and removable media from weakening end-user devices. This supports a minimum endpoint build standard, centralized protection and update evidence, software-installation governance, malware-alert handling, and technical restrictions on USB use.","Retrieve one document","endpoint protection,licensed antivirus,OS security,authorized software,Cyber Swachhta Kendra,removable media,autorun","","true","CISG-2025-03-Cyber Defense Controls for MSMEs.pdf","","6-7","medium",""
"119","procedure","What are the recommendations for secure configurations?","Maintain approved baseline configurations for servers, endpoint operating systems, network devices, browsers, and COTS software; enforce change control; disable unnecessary features, ports, services, protocols, and default applications; remove unused software; and change default passwords and settings before deployment. A documented baseline allows CIAL to compare deployed systems against an approved secure state and detect unauthorized change. The operational decision is whether a system is sufficiently hardened for deployment or must be remediated before it connects to production networks.","Retrieve one document","baseline configuration,change control,disable ports,disable services,remove unused software,default passwords,attack surface","","true","CISG-2025-03-Cyber Defense Controls for MSMEs.pdf","","7","medium",""
"120","procedure","What are the patch management recommendations?","Regularly apply security patches and updates to operating systems, applications, and firmware, and monitor vendor notifications, CERT-In advisories, and other relevant sources for new patches and vulnerabilities. The control combines timely deployment with continuous awareness of newly available fixes. CIAL can use vendor and CERT-In notifications to identify affected assets, set patch priorities, and verify that operating systems, applications, and firmware do not remain unnecessarily exposed.","Retrieve one document","security patches,operating systems,applications,firmware,vendor notifications,CERT-In advisories","","true","CISG-2025-03-Cyber Defense Controls for MSMEs.pdf","","7","medium",""
"121","procedure","What incident management recommendations are provided?","Develop and document an incident response plan covering reporting, containment, investigation, recovery, and communication; test it regularly; follow CERT-In directions; and report applicable incidents to CERT-In within six hours of detection or notification. The plan defines how an incident moves from detection to coordinated action and recovery, while testing demonstrates that the process works. It supports decisions on roles, escalation, containment authority, communications, evidence needs, recovery readiness, and compliance with the six-hour reporting requirement.","Retrieve one document","incident response plan,reporting,containment,investigation,recovery,testing,CERT-In,six hours","","true","CISG-2025-03-Cyber Defense Controls for MSMEs.pdf","","7","medium",""
"122","factual","Within how many hours should incidents be reported to CERT-In?","Cybersecurity incidents covered by the CERT-In directions should be reported to CERT-In within 6 hours of detection or notification. This deadline affects escalation design: internal detection, validation, management notification, and regulatory coordination must operate quickly enough to meet the six-hour window. CIAL should therefore include the requirement in its incident plan, contact matrix, and exercises.","Retrieve one document","CERT-In,incident reporting,6 hours,detection,notification","","true","CISG-2025-03-Cyber Defense Controls for MSMEs.pdf","","7","medium",""
"123","procedure","What are the logging requirements?","Enable comprehensive logging on all key ICT systems for traceability and accountability; securely retain system and application logs in India; continuously monitor network activity and privileged-user actions; and use monitoring solutions to improve analysis, detection, and response. Logging provides the evidence required for detection, investigation, accountability, and audit. The control supports decisions on mandatory log sources, secure centralized storage, privileged-activity monitoring, alerting, and deployment of analysis capabilities where manual review is insufficient.","Retrieve one document","comprehensive logging,ICT systems,traceability,privileged users,network monitoring,secure storage,India","","true","CISG-2025-03-Cyber Defense Controls for MSMEs.pdf","","7-8","medium",""
"124","factual","How long should logs be retained?","System and application logs must be retained for at least 180 days, with secure storage within Indian jurisdiction. The 180-day minimum is a storage and architecture requirement, not only a policy statement. CIAL must size secure log retention within Indian jurisdiction and ensure logs remain available, protected, and usable for monitoring, audit, and investigation throughout that period.","Retrieve one document","180 days,system logs,application logs,secure storage,Indian jurisdiction","","true","CISG-2025-03-Cyber Defense Controls for MSMEs.pdf","","8","medium",""
"125","procedure","What cybersecurity awareness recommendations are provided?","Provide basic awareness training at least twice a year to employees and contractors on phishing, password hygiene, social engineering, BYOD, safe internet use, acceptable-use rules, sensitive information, and responsible email. Participate in CERT-In workshops, capacity-building programs, exercises, and drills. The program should be recurring and role-aware rather than a one-time awareness event. It supports an annual training calendar, coverage tracking for employees and contractors, content priorities, participation in exercises, and evidence that personnel are prepared to recognize and report common threats.","Retrieve one document","twice a year,phishing,password hygiene,social engineering,BYOD,CERT-In exercises,contractors","","true","CISG-2025-03-Cyber Defense Controls for MSMEs.pdf","","8","medium",""
"126","procedure","What third-party risk management recommendations are included?","Perform due diligence on every vendor or third party based on business impact and compromise likelihood, and require third parties to meet at least the same security baseline applied internally. This means supplier security cannot be accepted solely on commercial selection. CIAL can use the due-diligence result and baseline comparison to approve a provider, impose corrective or contractual conditions, restrict access, or reject a dependency whose risk is not adequately controlled.","Retrieve one document","vendor due diligence,third party,business impact,compromise likelihood,security baseline,supply chain","","true","CISG-2025-03-Cyber Defense Controls for MSMEs.pdf","","8","medium",""
"127","procedure","What backup recommendations are provided?","Use a regular backup schedule such as daily or weekly, encrypt backup copies, combine secure offsite and offline storage, periodically test restoration, maintain a minimum BCP for critical applications, and securely dispose of physical and digital media. These measures address both data loss and the ability to resume critical operations. The decision supported is whether backup design, storage separation, restoration evidence, and continuity arrangements are adequate for the criticality and recovery needs of each application.","Retrieve one document","backup schedule,encrypted backups,offsite backup,offline backup,restoration testing,BCP,secure disposal","","true","CISG-2025-03-Cyber Defense Controls for MSMEs.pdf","","8-9","medium",""
"128","procedure","What business continuity recommendations are provided?","Develop and maintain a minimum Business Continuity Plan for identified critical applications so data and services can be restored promptly and operations can continue after loss, corruption, or cyber incidents. The BCP should identify the critical applications whose timely restoration is necessary for continued operations. It supports prioritizing recovery resources, defining continuity arrangements, and testing whether the organization can restore essential services after disruption.","Retrieve one document","Business Continuity Plan,critical applications,timely recovery,operational continuity,data loss,cyber incidents","","true","CISG-2025-03-Cyber Defense Controls for MSMEs.pdf","","8","medium",""
"129","factual","How frequently should employees receive awareness training?","All employees and contractors should receive basic cybersecurity awareness training at least twice a year. The frequency creates a minimum recurring control cycle, not a one-time induction activity. CIAL can schedule two organization-wide sessions each year and maintain completion evidence for both employees and contractors.","Retrieve one document","twice a year,employees,contractors,cybersecurity awareness,training frequency","","true","CISG-2025-03-Cyber Defense Controls for MSMEs.pdf","","8","medium",""
"130","procedure","What recommendations are made regarding malware protection?","Install licensed antivirus or endpoint protection on every device, keep it updated, do not disable built-in operating-system defenses, avoid pirated software, restrict installations, and onboard with CERT-In's Cyber Swachhta Kendra for malware and botnet alerts. These measures combine prevention, supported software, timely updates, and external malware intelligence. They support decisions on approved endpoint tools, update monitoring, prohibited software, alert response, and whether devices meet the baseline before accessing organizational resources.","Retrieve one document","licensed antivirus,endpoint protection,regular updates,OS security,Cyber Swachhta Kendra,malware,botnet","","true","CISG-2025-03-Cyber Defense Controls for MSMEs.pdf","","6-7","medium",""
"131","procedure","What recommendations exist for removable media?","Restrict or control USB and removable-media use and consider disabling autorun to reduce malware propagation. The control recognizes removable media as a malware path. CIAL can translate it into a clear usage policy and technical enforcement decision: permit only controlled use where needed, and disable autorun to prevent automatic execution.","Retrieve one document","USB,removable media,autorun,malware spread,usage restriction","","true","CISG-2025-03-Cyber Defense Controls for MSMEs.pdf","","7","medium",""
"132","procedure","What recommendations exist for software inventory?","Maintain a centralized, continuously updated software inventory as part of the asset inventory, record changes across the lifecycle, prohibit unauthorized or pirated software, and restrict software installation to authorized personnel. A current inventory lets CIAL identify unsupported, unauthorized, or vulnerable software and determine where patches apply. It supports license and installation governance, vulnerability response, asset ownership, and removal of software that should not remain in the environment.","Retrieve one document","software inventory,centralized inventory,continuous updates,authorized software,installation control,asset lifecycle","","true","CISG-2025-03-Cyber Defense Controls for MSMEs.pdf","","6-7","medium",""
"133","procedure","What recommendations exist for patch monitoring?","Continuously monitor vendor notifications, security bulletins, CERT-In advisories, and other relevant sources for patches and vulnerabilities affecting the environment, then apply operating-system, application, and firmware updates regularly. Monitoring is the trigger for patch decisions: the organization must know when a relevant fix or vulnerability is announced before it can assess exposure. The resulting process should connect advisories to the software and firmware inventory, responsible owners, and update status.","Retrieve one document","vendor notifications,security advisories,CERT-In advisories,patch monitoring,operating systems,firmware","","true","CISG-2025-03-Cyber Defense Controls for MSMEs.pdf","","7","medium",""
"134","procedure","What recommendations exist for vendor due diligence?","Conduct thorough due diligence for each vendor or third party, scaling it to the potential business impact and likelihood of compromise, and confirm that the provider meets at least the organization's internal baseline controls. Due diligence should be proportionate to operational impact and compromise likelihood, then compared with the same minimum controls expected internally. This supports onboarding, contract, access, monitoring, reassessment, and termination decisions for suppliers.","Retrieve one document","vendor due diligence,business impact,likelihood of compromise,third party,baseline controls,supply chain","","true","CISG-2025-03-Cyber Defense Controls for MSMEs.pdf","","8","medium",""
"135","procedure","What recommendations exist for secure backups?","Create encrypted backups on a defined daily or weekly schedule, keep secure copies offsite and offline, periodically test restoration, and protect or sanitize the physical and digital media used. Security depends on both confidentiality of backup copies and proof that they can be restored. CIAL can use encryption, offsite and offline separation, scheduled backups, and restoration tests as acceptance evidence for backup and recovery readiness.","Retrieve one document","encrypted backups,backup schedule,offsite copies,offline copies,restoration testing,media sanitization","","true","CISG-2025-03-Cyber Defense Controls for MSMEs.pdf","","8-9","medium",""
"136","definition","What are AI-assisted cyber threats?","AI-assisted cyber threats are attacks in which adversaries use AI to accelerate or automate reconnaissance, vulnerability discovery and exploitation, phishing and impersonation, malware and scripting, evasion, orchestration, and other stages of the cyber kill chain. This matters because AI reduces the time between discovery and exploitation and lets less-skilled actors operate at scale. The blueprint therefore supports decisions to shorten exposure windows, strengthen continuous monitoring and identity controls, and validate detection and response against faster, adaptive attacks.","Retrieve one document","AI-assisted threats,reconnaissance,vulnerability exploitation,phishing,malware,automation,cyber kill chain","","true","CISG-2026-02- AI-Assisted Vulnerabilities in Digital Infrastructure.pdf","","3,5","medium",""
"137","executive_summary","What objectives does the AI blueprint define?","The blueprint seeks to improve understanding of AI-assisted threats; reduce exposure across assets, identities, APIs, cloud, AI, and third parties; strengthen governance and technical controls; improve AI-aware operations and incident response; make vulnerability management continuous; strengthen supply-chain assurance and validation; and support timely intelligence sharing and coordination. For CIAL, the objectives form an implementation roadmap spanning governance, asset and dependency visibility, preventive controls, monitoring, response, assurance, and collaboration. They support prioritizing foundational exposure reduction first while planning continuing validation and resilience as standing capabilities.","Retrieve one document","AI-assisted threats,exposure reduction,governance,AI-aware operations,vulnerability management,supply chain,continuous validation,threat intelligence","","true","CISG-2026-02- AI-Assisted Vulnerabilities in Digital Infrastructure.pdf","","7","medium",""
"138","definition","What are AI-enabled reconnaissance attacks?","AI-enabled reconnaissance attacks use AI to automate attack-surface discovery, OSINT aggregation, discovery of exposed services and APIs, vulnerability analysis, exploit adaptation and chaining, malicious-code generation, and exploitation workflows. The operational implication is that internet-facing assets, APIs, identities, and known weaknesses may be found and combined faster than in manual attacks. This supports continuous attack-surface visibility, rapid vulnerability assessment, threat intelligence, and remediation validation rather than reliance on periodic scans.","Retrieve one document","attack surface discovery,OSINT,exposed services,APIs,vulnerability analysis,exploit chaining,automated exploitation","","true","CISG-2026-02- AI-Assisted Vulnerabilities in Digital Infrastructure.pdf","","8","medium",""
"139","factual","What AI-driven phishing threats are discussed?","The blueprint identifies AI-generated spear phishing, executive impersonation, deepfake voice and video fraud, business email compromise, credential-theft campaigns, synthetic identities, and personalized social engineering at scale. These attacks matter because realistic, contextual content can bypass traditional awareness-based detection. The blueprint supports stronger email authentication, executive verification procedures, deepfake awareness, behavioral monitoring, escalation paths, and exercises for high-risk impersonation scenarios.","Retrieve one document","spear phishing,executive impersonation,deepfake,business email compromise,credential theft,synthetic identities,social engineering","","true","CISG-2026-02- AI-Assisted Vulnerabilities in Digital Infrastructure.pdf","","8","medium",""
"140","factual","What AI-generated malware risks are identified?","AI-generated malware risks include malware modification and obfuscation, adaptive payloads, automated malicious scripting, evasion of static detection, semi-autonomous execution, and compressed multi-stage attacks spanning reconnaissance through exfiltration. The decision implication is that static signatures alone may not detect rapidly changing payloads or automated attack chains. This supports behavior-based detection, telemetry correlation, controlled automation, threat hunting, segmentation, rapid containment, and resilience testing.","Retrieve one document","malware obfuscation,adaptive payloads,automated scripting,static detection evasion,semi-autonomous attack,lateral movement,data exfiltration","","true","CISG-2026-02- AI-Assisted Vulnerabilities in Digital Infrastructure.pdf","","9","medium",""
"141","factual","What adversarial attacks against AI systems are described?","Adversarial threats against AI systems include prompt injection, model manipulation, training-data poisoning, insecure integrations, model theft, sensitive-data leakage, and compromise of model inference, retrieval, or orchestration pipelines. The list broadens AI security beyond conventional application vulnerabilities to model, data, and workflow integrity. It supports security testing and governance decisions covering inputs, permissions, APIs, logging, provenance, adversarial validation, and protection of sensitive data.","Retrieve one document","prompt injection,model manipulation,training data poisoning,model theft,data leakage,orchestration pipeline","","true","CISG-2026-02- AI-Assisted Vulnerabilities in Digital Infrastructure.pdf","","9","medium",""
"142","definition","What is prompt injection?","The blueprint treats prompt injection as a prompt-manipulation and unsafe-AI-interaction risk. It recommends validating and sanitizing external inputs, limiting AI permissions and execution capability, monitoring behavior and prompts, and performing adversarial testing. For implementation, prompt handling must be treated as a security boundary rather than trusted application content. The controls support decisions on input validation, least-privilege tool access, human approval for high-impact actions, monitoring, and release testing for AI-enabled workflows.","Retrieve one document","prompt injection,prompt manipulation,input validation,input sanitization,restricted permissions,adversarial testing,behavioral monitoring","","true","CISG-2026-02- AI-Assisted Vulnerabilities in Digital Infrastructure.pdf","","23,29,32","medium",""
"143","definition","What is model poisoning?","The blueprint identifies training-data poisoning and model manipulation as adversarial threats against AI systems. It does not provide a more detailed mechanism-specific definition of model poisoning. Operationally, the documented risk supports controls that protect training pipelines and model integrity, including provenance validation, protection against unauthorized modification, version control, and continuing assurance. The benchmark should not attribute a more specific poisoning mechanism than the source provides.","Retrieve one document","training data poisoning,model manipulation,adversarial threat,AI systems,model integrity","","true","CISG-2026-02- AI-Assisted Vulnerabilities in Digital Infrastructure.pdf","","9,34","medium",""
"144","definition","What is AI model theft?","The blueprint identifies AI model theft as an adversarial threat targeting AI models and related inference, retrieval, integration, or orchestration environments, but does not further define its mechanism. For CIAL, the supported decision is to treat models as protected assets: restrict access, monitor model and API activity, preserve provenance and integrity evidence, and include model-related threats in adversarial testing. The source does not support a more detailed theft scenario.","Retrieve one document","AI model theft,adversarial threat,AI models,inference systems,orchestration","","true","CISG-2026-02- AI-Assisted Vulnerabilities in Digital Infrastructure.pdf","","9","medium",""
"145","definition","What is shadow AI?","Shadow AI is treated as unauthorized or unmanaged AI usage outside established visibility and governance. Organizations should inventory AI systems and monitor AI APIs, plugins, automation workflows, and other unauthorized use. The risk is unmanaged exposure: data may enter unapproved services and AI integrations may operate without security, privacy, audit, or supplier review. The controls support an AI inventory, acceptable-use policy, approval workflow, monitoring, and action on unauthorized usage.","Retrieve one document","shadow AI,unauthorized AI,AI inventory,AI APIs,plugins,governance,monitoring","","true","CISG-2026-02- AI-Assisted Vulnerabilities in Digital Infrastructure.pdf","","14,17,31","medium",""
"146","executive_summary","What are the core defensive principles?","The core principles are Assume Breach; Zero Trust Security; Defence-in-Depth; Continuous Exposure Management; Secure-by-Design and Secure-by-Default; Threat-Informed Defence; Resilience-Centric Security; Security Automation with Human Oversight; Data-Centric Security; Supply-Chain Trust and Verifiability; Continuous Validation, Audits and Assurance; and proportional, risk-based implementation. The principles are intended to work as a coherent operating model: assume compromise, reduce trust and exposure, layer controls, protect data and dependencies, maintain continuity, and repeatedly test effectiveness. CIAL can use them to evaluate whether policy, architecture, operations, and assurance are aligned.","Retrieve one document","Assume Breach,Zero Trust,Defence-in-Depth,Continuous Exposure Management,Secure-by-Design,Threat-Informed Defence,Resilience-Centric Security,Continuous Validation","","true","CISG-2026-02- AI-Assisted Vulnerabilities in Digital Infrastructure.pdf","","11-13","medium",""
"147","definition","Explain Assume Breach.","Assume Breach means preparing for compromise scenarios through continuous monitoring, segmentation, telemetry, rapid incident response, and breach simulations so the organization can detect, contain, and recover quickly. The principle changes the planning assumption from preventing every intrusion to limiting impact and restoring operations when prevention fails. It supports investment and design decisions for telemetry, segmentation, containment authority, response exercises, backups, and recovery validation.","Retrieve one document","Assume Breach,continuous monitoring,segmentation,telemetry,rapid incident response,breach simulation","","true","CISG-2026-02- AI-Assisted Vulnerabilities in Digital Infrastructure.pdf","","11","medium",""
"148","definition","Explain Zero Trust.","Zero Trust Security enforces continuous verification and least-privilege access using controls such as MFA, privileged access management, micro-segmentation, conditional access, and session monitoring. The principle supports architecture and access decisions in which network location or an internal identity is not sufficient proof of trust. CIAL should require repeated verification, narrowly scoped privileges, monitored sessions, and segmentation around critical systems and administrative access.","Retrieve one document","Zero Trust,continuous verification,least privilege,MFA,PAM,micro-segmentation,session monitoring","","true","CISG-2026-02- AI-Assisted Vulnerabilities in Digital Infrastructure.pdf","","11","medium",""
"149","definition","Explain Defense in Depth.","Defence-in-Depth uses layered controls across infrastructure, applications, identities, cloud, and AI systems, including endpoint protection, DLP, hardened configurations, backup and recovery, and integrated monitoring. Layering matters because failure of one control should not expose the entire environment. The principle supports selecting complementary preventive, detective, and recovery controls and checking that coverage exists across endpoints, identities, networks, applications, cloud services, data, and AI systems.","Retrieve one document","Defence-in-Depth,layered controls,endpoint protection,DLP,secure configuration,backup recovery,integrated monitoring","","true","CISG-2026-02- AI-Assisted Vulnerabilities in Digital Infrastructure.pdf","","11-12","medium",""
"150","definition","Explain Continuous Exposure Management.","Continuous Exposure Management continuously identifies and reduces exploitable exposure through attack-surface monitoring, vulnerability scanning, cloud-posture assessment, and validation that remediation was effective. This is an operating cycle: discover exposure, prioritize it using exploitability and business impact, remediate or contain it, and verify that the exposure is actually removed. It supports continuous ownership and measurement rather than treating vulnerability assessment as an annual event.","Retrieve one document","Continuous Exposure Management,attack surface,vulnerability scanning,cloud posture,remediation validation,exploitable exposure","","true","CISG-2026-02- AI-Assisted Vulnerabilities in Digital Infrastructure.pdf","","11","medium",""
"151","definition","Explain Secure-by-Design.","Secure-by-Design and Secure-by-Default embed security into systems, applications, and AI workflows from inception using threat modelling, secure coding, CI/CD security testing, and hardened default configurations. The principle makes security a design and release requirement rather than a post-deployment correction. It supports architecture review, secure coding standards, automated and manual testing, hardened baselines, and release gates for applications, APIs, AI workflows, and their dependencies.","Retrieve one document","Secure-by-Design,Secure-by-Default,threat modelling,secure coding,CI/CD security testing,hardened configuration","","true","CISG-2026-02- AI-Assisted Vulnerabilities in Digital Infrastructure.pdf","","12","medium",""
"152","definition","Explain Threat-Informed Defense.","Threat-Informed Defence aligns controls and operations with current adversary tactics and intelligence through threat-intelligence integration, threat hunting, detection engineering, and red/purple teaming. This ensures that controls and detections respond to the techniques adversaries are actually using. It supports decisions on intelligence sources, detection priorities, hunting hypotheses, simulation scenarios, and control updates when the threat environment changes.","Retrieve one document","Threat-Informed Defence,threat intelligence,threat hunting,detection engineering,red teaming,purple teaming","","true","CISG-2026-02- AI-Assisted Vulnerabilities in Digital Infrastructure.pdf","","12","medium",""
"153","definition","Explain Resilience-Centric Security.","Resilience-Centric Security focuses on maintaining operational continuity during incidents and disruption through business continuity, disaster recovery, immutable backups, recovery testing, and crisis communication. The principle recognizes that operational continuity and trustworthy recovery are security outcomes. It supports decisions on critical services, recovery objectives, isolated or immutable backups, restoration tests, disaster-recovery exercises, and crisis communications.","Retrieve one document","Resilience-Centric Security,business continuity,disaster recovery,immutable backups,recovery testing,crisis communication","","true","CISG-2026-02- AI-Assisted Vulnerabilities in Digital Infrastructure.pdf","","12,19","medium",""
"154","definition","Explain Security Automation with Human Oversight.","Security Automation with Human Oversight uses automated triage and SOAR-style workflows to improve speed while preserving human approval, accountability, audit trails, and restrictions on high-impact or critical actions. Automation is appropriate for speed and repeatable work, but high-impact decisions remain accountable to people. This supports defining which actions may run automatically, which require approval, how overrides work, and what logs must exist for later review.","Retrieve one document","security automation,human oversight,automated triage,SOAR,human approval,audit trails,critical actions","","true","CISG-2026-02- AI-Assisted Vulnerabilities in Digital Infrastructure.pdf","","12,23,33","medium",""
"155","definition","Explain Supply Chain Trust and Verifiability.","Supply-Chain Trust and Verifiability reduces risk from third-party software, AI models, cloud services, and dependencies through vendor assessment, SBOM/xBOM inventories, provenance validation, dependency visibility, contractual controls, and reassessment. The objective is to know what external components and services are present, where they came from, and how a supplier weakness would affect operations. It supports procurement requirements, provider assessment, BOM maintenance, contractual obligations, reassessment, and contingency planning.","Retrieve one document","supply chain trust,vendor assessment,SBOM,xBOM,provenance validation,dependency visibility,contractual controls","","true","CISG-2026-02- AI-Assisted Vulnerabilities in Digital Infrastructure.pdf","","12,15,20-21,29","medium",""
"156","enterprise","What governance measures are recommended?","Recommended governance includes executive oversight and risk ownership; formal policies and standards; defined roles and escalation; continuous risk and exposure assessment; third-party governance; security metrics and reporting; incident coordination and evidence preservation; independent assurance; and continuous review based on threats and lessons. These measures make cyber security an executive and operational governance responsibility rather than only a technical function. They support decisions on accountable owners, risk acceptance, resource allocation, escalation, performance reporting, independent review, and periodic policy adjustment.","Retrieve one document","executive oversight,risk ownership,security policies,defined roles,third-party governance,security metrics,independent assurance,continuous review","","true","CISG-2026-02- AI-Assisted Vulnerabilities in Digital Infrastructure.pdf","","14-16","medium",""
"157","enterprise","What AI governance recommendations are included?","AI governance should define AI-use policies and accountability, approval and review of integrations, asset inventories and shadow-AI detection, pre-deployment risk assessment, controls for public AI, access and API security, logging, privacy and retention, provider risk, human validation, model integrity, agent boundaries and shutdown mechanisms, workforce training, and continuous assurance. The controls support a formal AI operating model: approve intended uses, know every system and dependency, assess risk before deployment, constrain data and autonomy, retain human accountability, and continuously monitor and test behavior. They provide policy and assurance criteria for allowing, restricting, or retiring AI use cases.","Retrieve one document","AI usage policy,AI inventory,shadow AI,risk assessment,human oversight,model integrity,agentic AI,continuous assurance","","true","CISG-2026-02- AI-Assisted Vulnerabilities in Digital Infrastructure.pdf","","31-35","medium",""
"158","procedure","How should organizations prepare for AI-assisted attacks?","Prepare by establishing governance and escalation, identifying critical and internet-facing assets, enforcing MFA and least privilege, reducing exposure, patching critical and exploited flaws, enabling centralized logging and behavior-based monitoring, strengthening SOC and threat hunting, governing AI systems and suppliers, training staff on phishing and deepfakes, and testing response, backups, red teams, and adversarial AI scenarios. The phased roadmap supports sequencing: immediate governance, MFA, logging, critical patching, and exposure reduction; then stronger monitoring, AI inventory, supplier assurance, exercises, and recovery testing; followed by red teaming, adversarial AI validation, automation, and resilience improvement.","Retrieve one document","governance,MFA,exposure reduction,critical patching,centralized logging,threat hunting,deepfake awareness,adversarial testing","","true","CISG-2026-02- AI-Assisted Vulnerabilities in Digital Infrastructure.pdf","","35-37","medium",""
"159","enterprise","What metrics should organizations monitor?","Monitor vulnerability and remediation metrics, incident-response timelines, exposure and attack-surface trends, monitoring and telemetry coverage, alert quality, privileged-access reviews, cloud and AI security posture, third-party risk, recovery readiness, governance review results, and recurring gaps or incident lessons. Metrics should be used to show whether exposure is shrinking, response is getting faster, and control coverage is improving, not merely to count security activity. They support executive prioritization, identification of telemetry or assurance gaps, and verification that remediation and readiness programs are effective.","Retrieve one document","vulnerability metrics,response timelines,exposure trends,monitoring coverage,telemetry gaps,alert quality,recovery readiness,governance reviews","","true","CISG-2026-02- AI-Assisted Vulnerabilities in Digital Infrastructure.pdf","","15,24,29-30","medium",""
"160","procedure","How should organizations continuously improve cyber readiness?","Continuously review governance, controls, monitoring, and readiness against changing AI threats and technology; integrate threat intelligence and incident lessons; reassess exposure and AI architecture; tune detections and telemetry; update policies; validate remediation, recovery, and controls through audits, red teaming, adversarial testing, drills, and independent assurance. Continuous improvement is therefore a governed feedback loop: new intelligence and incidents change risk understanding; monitoring and testing expose gaps; remediation and policy changes address them; and subsequent validation confirms effectiveness. This supports periodic management review and reprioritization.","Retrieve one document","continuous improvement,threat intelligence,incident lessons,exposure reassessment,detection tuning,policy updates,red teaming,independent assurance","","true","CISG-2026-02- AI-Assisted Vulnerabilities in Digital Infrastructure.pdf","","16,24,28-30,34,37-38","medium",""
"161","factual","Why are SatCom systems important?","SatCom systems are critical to India's communications infrastructure and support remote and tactical connectivity, national security, disaster management, navigation, broadcasting, e-governance, and economic and commercial activity. Their disruption can therefore affect public services, mission operations, strategic communications, safety, and economic activity rather than only ordinary data processing. This importance supports treating space cyber security as a resilience and mission-assurance priority across the space, ground, communication-link, and user segments.","Retrieve one document","SatCom,remote connectivity,national security,disaster management,navigation,broadcasting,economic activity","","true","CISG-2026-01-Cyber Security Framework for Space & Satellite Communication.pdf","","3,5","medium",""
"162","definition","What is the Space Segment?","The Space Segment is the satellite portion of SatCom, comprising satellites and onboard subsystems such as the payload, bus, communication transponders, antennas, and onboard software. Security decisions for this segment must account for long mission lifecycles, constrained connectivity, onboard autonomy, firmware and software integrity, and limited post-launch patching options. The framework therefore applies lifecycle controls, command authentication, encryption, secure boot, monitoring, and pre-launch assurance.","Retrieve one document","Space Segment,satellites,payload,bus,transponders,antennas,onboard software","","true","CISG-2026-01-Cyber Security Framework for Space & Satellite Communication.pdf","","6","medium",""
"163","definition","What is the Ground Segment?","The Ground Segment is the terrestrial infrastructure supporting satellite operations, including control stations, mission operation centers, teleports, network gateways, and associated ICT systems. Because this segment connects operators and terrestrial ICT to spacecraft command and mission services, compromise can provide a path to TT&C or payload systems. The definition supports scoping ground stations, control networks, gateways, servers, databases, identities, and monitoring into the security program.","Retrieve one document","Ground Segment,ground control stations,mission operations,teleport,network gateways,ICT systems","","true","CISG-2026-01-Cyber Security Framework for Space & Satellite Communication.pdf","","6","medium",""
"164","definition","What is the User Segment?","The User Segment consists of terminals, modems, antennas, mobile or fixed devices, and related hardware and software that connect to satellite networks to use communication services. This segment is the service-access edge of SatCom and therefore needs device authentication, secure configuration, encryption, access control, patching, and monitoring. It supports decisions on which terminals may connect and what minimum controls they must satisfy.","Retrieve one document","User Segment,user terminals,modems,antennas,mobile devices,satellite networks","","true","CISG-2026-01-Cyber Security Framework for Space & Satellite Communication.pdf","","7","medium",""
"165","definition","What is TT&C?","TT&C is the Telemetry, Tracking, and Command system used to monitor and control a satellite, upload commands, track it, and monitor health status. Because TT&C carries operational commands and health information, unauthorized access or manipulation can affect mission control. The framework therefore supports strong command authentication, end-to-end encryption, key management, access restriction, monitoring, and anomaly detection around TT&C.","Retrieve one document","TT&C,telemetry,tracking,command,satellite control,health monitoring","","true","CISG-2026-01-Cyber Security Framework for Space & Satellite Communication.pdf","","7","medium",""
"166","definition","What is Security by Design in satellite systems?","Security by Design integrates cyber security into satellite system architecture from the earliest lifecycle stages and applies secure coding, cryptographic safeguards, vulnerability assessment, hardened defaults, and validation through design, launch, operations, and decommissioning. The principle matters because many space-system weaknesses are difficult or impossible to correct after launch. It supports early architecture and procurement decisions, secure defaults, lifecycle verification, supply-chain assurance, and evidence that controls were tested before deployment.","Retrieve one document","Security by Design,system architecture,secure coding,cryptographic safeguards,hardened defaults,lifecycle security","","true","CISG-2026-01-Cyber Security Framework for Space & Satellite Communication.pdf","","7,16,33","medium",""
"167","definition","What is Defense in Depth for space systems?","Defense in Depth uses multiple physical, logical, procedural, hardware, software, and network protection layers across the space, ground, link, and user domains, including redundant command authentication, secure telemetry handling, and protected data paths. The decision objective is to avoid a single control failure becoming mission compromise. It supports combining command authentication, encryption, segmentation, monitoring, physical protection, secure operations, backups, and response procedures across every segment.","Retrieve one document","Defense in Depth,layered protection,physical controls,logical controls,procedural controls,command authentication,telemetry","","true","CISG-2026-01-Cyber Security Framework for Space & Satellite Communication.pdf","","8,16","medium",""
"168","factual","What are common threats against SatCom?","Common SatCom threats include downlink eavesdropping, tampering, spoofing, replay, jamming, and malicious injection; uplink command injection, spoofing, unauthorized TT&C access, DoS, credential theft, and firmware manipulation; and terrestrial malware, ransomware, phishing, DDoS, insiders, database breaches, and supply-chain attacks. The threat model shows that space security cannot be limited to radio links or conventional IT alone. CIAL can use it to ensure risk assessments and exercises cover space, ground, terrestrial, supplier, credential, firmware, and communications attack paths.","Retrieve one document","eavesdropping,signal spoofing,jamming,command injection,unauthorized TT&C,firmware manipulation,supply chain attacks","","true","CISG-2026-01-Cyber Security Framework for Space & Satellite Communication.pdf","","14-15","medium",""
"169","factual","What are common attack vectors for uplinks?","Uplink attack vectors include control channels, ground-station networks, command uplinks, and authentication credentials. Associated attacks include command injection, uplink spoofing, unauthorized TT&C access, DoS, credential theft, and firmware or software manipulation. Because uplinks can carry commands, successful compromise may directly affect satellite behavior and mission availability. The listed vectors support prioritizing command authentication, credential protection, ground-network segmentation, firmware integrity, anti-spoofing, monitoring, and explicit authorization controls.","Retrieve one document","uplink,control channels,ground station,command injection,uplink spoofing,unauthorized TT&C,credential theft","","true","CISG-2026-01-Cyber Security Framework for Space & Satellite Communication.pdf","","14","medium",""
"170","factual","What are common attack vectors for downlinks?","Downlink attack vectors include RF signals, data links, telemetry channels, and communication protocols. Associated attacks include eavesdropping, data tampering, signal spoofing, replay, cyber-enabled jamming, and malicious data injection. These vectors can expose confidentiality and integrity even when the spacecraft itself is not compromised. They support decisions on link encryption, authentication, anti-replay, anti-jamming and anti-spoofing measures, telemetry validation, and RF anomaly monitoring.","Retrieve one document","downlink,RF signals,telemetry channels,eavesdropping,data tampering,replay,jamming,malicious injection","","true","CISG-2026-01-Cyber Security Framework for Space & Satellite Communication.pdf","","14","medium",""
"171","factual","What are emerging concerns in satellite security?","Emerging concerns are the larger attack surface from small satellites and mega-constellations, hybrid vulnerabilities created by integrating SatCom with terrestrial 5G and IoT networks, and adversarial attacks against AI-driven satellite decision algorithms. These changes increase scale, interconnection, and autonomy, so existing controls must be reassessed as architecture evolves. They support decisions on segmentation between terrestrial and space networks, continuous attack-surface review, AI-system assurance, and monitoring for new cross-domain attack paths.","Retrieve one document","small satellites,mega-constellations,attack surface,5G,IoT,hybrid vulnerabilities,AI adversarial attacks","","true","CISG-2026-01-Cyber Security Framework for Space & Satellite Communication.pdf","","15","medium",""
"172","executive_summary","What cybersecurity principles are recommended?","Recommended principles include secure-by-design/default, defense-in-depth, least privilege and MFA, Zero Trust, end-to-end encrypted communications, system integrity and secure boot, continuous monitoring, supply-chain assurance and BOMs, incident preparedness and resilience, governance and audits, and regular awareness and capacity building. Together, the principles define a lifecycle and mission-resilience baseline rather than isolated technical safeguards. They support policy drafting, architecture review, procurement conditions, operational monitoring, incident preparation, audit scope, and workforce planning for all SatCom segments.","Retrieve one document","secure-by-design,defense-in-depth,least privilege,Zero Trust,encryption,continuous monitoring,supply chain,incident resilience","","true","CISG-2026-01-Cyber Security Framework for Space & Satellite Communication.pdf","","15-19","medium",""
"173","definition","What is Zero Trust Architecture in space systems?","Space Zero Trust assumes no implicit trust between users or network components, continuously verifies identities and communications, monitors behavior, and applies micro-segmentation and least privilege across ground-control networks and user terminals. This is especially important where a compromised ground or user component could otherwise move toward command systems. The principle supports identity-centric access, segmentation between IT, OT, TT&C, and user environments, monitored vendor access, and continuous validation of commands and sessions.","Retrieve one document","Zero Trust,no implicit trust,continuous verification,identity validation,micro-segmentation,least privilege,ground control","","true","CISG-2026-01-Cyber Security Framework for Space & Satellite Communication.pdf","","8,16-17","medium",""
"174","procedure","What encryption recommendations are provided?","Use end-to-end encryption for TT&C and payload data links; adopt standardized, validated cryptography such as FIPS 140-3, CCSDS Space Data Link Security, and AES-256; isolate and audit key-management systems; rotate keys and enforce expiry; and validate cryptographic modules and link protections. These requirements support approval criteria for communication links and cryptographic components: validated algorithms and modules, protected keys, defined rotation and expiry, and evidence that encryption and authentication work across the full command and data path.","Retrieve one document","end-to-end encryption,TT&C,FIPS 140-3,CCSDS SDLS,AES-256,key management,key rotation","","true","CISG-2026-01-Cyber Security Framework for Space & Satellite Communication.pdf","","12,17,20","medium",""
"175","procedure","What supply chain recommendations are provided?","Procure from trusted sources; perform mandatory supply-chain risk assessments and third-party audits before integration; vet and certify vendors and components; verify hardware provenance and firmware integrity; require secure update channels; preserve manufacturing and logistics traceability; and maintain applicable SBOM, QBOM, CBOM, AIBOM, and HBOM inventories. The objective is to prevent compromised, counterfeit, or untraceable components from entering mission systems. The controls support supplier approval, procurement clauses, integration gates, component and firmware verification, update governance, traceability, and reassessment when dependencies change.","Retrieve one document","trusted sources,supply chain assessment,third-party audit,hardware provenance,firmware integrity,secure updates,traceability,BOM","","true","CISG-2026-01-Cyber Security Framework for Space & Satellite Communication.pdf","","12,17-18","medium",""
"176","enterprise","What governance recommendations are provided?","Establish a top-management-approved SatCom cyber security policy, appoint a CSSO/CISO with a dedicated team, define roles and accountability, maintain a risk register and evidence repository, report to senior management and CERT-In, preserve agency coordination and current contacts, map controls to national and international standards, run a mission-integrated SOC, and use audits and PDCA for improvement. This governance model connects technical controls to accountable leadership and measurable compliance. It supports decisions on policy approval, risk ownership, audit and reporting cadence, coordination with authorities, evidence maintenance, supplier oversight, and corrective-action tracking.","Retrieve one document","CSSO,CISO,cybersecurity policy,risk register,CERT-In,evidence repository,SOC,PDCA","","true","CISG-2026-01-Cyber Security Framework for Space & Satellite Communication.pdf","","18,35-37","medium",""
"177","procedure","What awareness recommendations are provided?","Train mission operators, engineers, vendors, and the CSSO in cyber security and space-specific risks; include awareness in induction; conduct awareness for all employees at least every six months; run phishing and social-engineering drills; participate in CERT-In and Department of Space training; and encourage relevant professional certifications. The six-month cycle and induction requirement make awareness a recurring operational control. CIAL can use them to schedule training, define role-specific content, track vendor and employee coverage, run drills, and maintain evidence of preparedness for audits and exercises.","Retrieve one document","mission operators,CSSO training,induction training,six months,phishing drills,CERT-In training,professional certification","","true","CISG-2026-01-Cyber Security Framework for Space & Satellite Communication.pdf","","18-19","medium",""
"178","factual","What international frameworks are referenced?","Referenced frameworks include SPARTA/SPARTA2, SPACE-SHIELD, TREKS, SpaDoCs, EMB3D, NASA Space Security Best Practices, NIST CSF and space publications, ISO/IEC 27001 and 27019, CCSDS security recommendations, ECSS-E-ST-80C, FIPS 140-3, Common Criteria, ENISA space controls, and Space ISAC guidance. These references serve different purposes: threat frameworks describe attacker behavior, assurance frameworks define controls and risk management, and cryptographic or space standards address link and component security. They support selecting appropriate baselines for design, testing, certification, and audit scope.","Retrieve one document","SPARTA,SPACE-SHIELD,TREKS,NIST,CCSDS,ECSS,FIPS 140-3,ISO IEC 27001","","true","CISG-2026-01-Cyber Security Framework for Space & Satellite Communication.pdf","","3-4,10-11,37,40","medium",""
"179","enterprise","What regulatory obligations apply to space entities?","Space entities must report cyber incidents within six hours, keep incident logs for at least 180 days in accordance with applicable requirements, maintain and update a CERT-In contact, comply with Department of Space/IN-SPACe baselines and certification standards, assure trusted supply chains, comply with the DPDP Act for personal data, meet Indian Space Policy and telecom requirements for international links and localization, and undergo annual CERT-In-empanelled audits. These are management obligations with direct implications for logging architecture, incident escalation, procurement, data handling, certification, and assurance. CIAL can use them as compliance checkpoints when approving space services, suppliers, international connectivity, and audit plans.","Retrieve one document","six-hour reporting,180-day logs,CERT-In contact,IN-SPACe,supply chain assurance,DPDP Act,data localization,annual audit","","true","CISG-2026-01-Cyber Security Framework for Space & Satellite Communication.pdf","","12-13","medium",""
"180","factual","How often should external audits be performed for space systems?","External cyber security audits by a CERT-In empanelled auditing organization should be conducted at least once a year. The framework also calls for internal cyber security audits at least once every six months. The annual external audit provides independent assurance, while the six-month internal audit creates a more frequent check on changing risk and control operation. The two cadences support planning separate internal monitoring and external certification or assurance activities.","Retrieve one document","external audit,annual,CERT-In empanelled auditor,internal audit,six months,space systems","","true","CISG-2026-01-Cyber Security Framework for Space & Satellite Communication.pdf","","13,18","medium",""
"181","comparison","Compare Zero Trust recommendations across the AI Blueprint and Space Security framework.","Both frameworks reject implicit trust and require continuous identity and access verification, least privilege, MFA, monitoring, and segmentation. The AI blueprint applies these controls across enterprise identities, cloud, applications, and AI systems using PAM, conditional access, and session monitoring; the space framework applies them specifically to ground-control networks, command paths, vendors, remote interfaces, and user terminals, with continuous communication validation and micro-segmentation. For CIAL, the shared baseline can be expressed as one access-control policy, while implementation profiles differ by environment. Enterprise and AI services need identity, cloud, and application controls; space operations additionally require explicit trust boundaries around command, ground, vendor, and terminal pathways.","Perform cross-document synthesis","Zero Trust,continuous verification,least privilege,MFA,micro-segmentation,PAM,ground control,user terminals","","true","CISG-2026-02- AI-Assisted Vulnerabilities in Digital Infrastructure.pdf","CISG-2026-01-Cyber Security Framework for Space & Satellite Communication.pdf","11,17-18;16-17,19-20","hard","Primary pp. 11 and 17-18; secondary pp. 16-17 and 19-20."
"182","comparison","Compare incident reporting requirements across the MSME and Space Security guidelines.","Both require applicable cyber incidents to be reported to CERT-In within six hours of detection, notice, or notification. The MSME guidance embeds this in its baseline incident-management control; the space framework applies it to confirmed or suspected incidents affecting satellite networks, ground control, or user data and adds coordinated space-sector response, current points of contact, and at least 180 days of incident logs. The operational decision is to use a common six-hour reporting process while adding space-specific triage, evidence, contacts, and coordination. A unified incident policy can therefore serve both areas if it identifies which SatCom events require the additional mission and sector response steps.","Perform cross-document synthesis","CERT-In,6 hours,incident reporting,MSME,SatCom,point of contact,180-day logs","","true","CISG-2025-03-Cyber Defense Controls for MSMEs.pdf","CISG-2026-01-Cyber Security Framework for Space & Satellite Communication.pdf","7;12,33","hard","Primary p. 7; secondary pp. 12 and 33."
"183","comparison","Compare supply chain security recommendations across the audit guidelines and AI Blueprint.","The audit policy requires vendor, third-party, and supply-chain risk to be included in audit scope and assesses vendor practices against organizational policy, component transparency, and BOM integrity. The AI blueprint adds continuous dependency visibility, xBOMs, model and software provenance, contractual controls, third-party access review, provider reassessment, and contingency planning for critical AI, cloud, and software dependencies. For CIAL, the documents support a single supplier-assurance process with deeper evidence requirements for AI and software dependencies. Procurement and audit teams can use risk tiering to determine when contracts, BOMs, provenance evidence, access reviews, reassessment, and contingency plans are mandatory.","Perform cross-document synthesis","vendor risk,supply chain audit,third-party assessment,xBOM,provenance,contractual controls,dependency visibility,provider reassessment","","true","CISG-2025-02-Comprehensive Cyber Security Audit Policy.pdf","CISG-2026-02- AI-Assisted Vulnerabilities in Digital Infrastructure.pdf","17-18,42;12,15,20-21,29,33","hard","Primary pp. 17-18 and 42; secondary pp. 12, 15, 20-21, 29, and 33."
"184","comparison","Compare AI system auditing with AI governance recommendations.","The audit policy defines AI system auditing as an independent evaluation of security, ethical alignment, transparency, data integrity, and adversarial resilience. The AI blueprint turns that assurance objective into governance: AI-use policy and approval, inventories and shadow-AI detection, risk and provider assessment, privacy and retention, access and logging, human accountability, model provenance and integrity, agent boundaries, and continuous adversarial testing. Governance establishes ownership and controls; auditing validates their design and effectiveness. For implementation, governance should define the expected controls and evidence before deployment, and auditing should independently test whether those expectations are met. This separation supports clear accountability and prevents self-attestation from being treated as sufficient assurance.","Perform cross-document synthesis","AI system audit,AI governance,transparency,data integrity,shadow AI,human oversight,model provenance,adversarial testing","","true","CISG-2026-02- AI-Assisted Vulnerabilities in Digital Infrastructure.pdf","CISG-2025-02-Comprehensive Cyber Security Audit Policy.pdf","31-35;17","hard","Primary pp. 31-35; secondary p. 17."
"185","comparison","Compare SBOM recommendations across multiple documents.","The BOM guideline provides the detailed SBOM baseline: component and dependency fields, SPDX/CycloneDX formats, secure distribution, VEX/CSAF integration, continuous updates, and process audits. The audit policy checks SBOM transparency, traceability, integrity, vulnerabilities, licenses, supply-chain risk, and secure-lifecycle compliance. The AI blueprint uses SBOM/xBOM for dependency visibility, provenance, exposure analysis, and coordinated remediation, while OEM guidance requires current BOMs for products and regular SBOM updates, validation, and delivery to customers. The operational decision is to make SBOM quality and update obligations part of procurement, release, vulnerability, and supplier-management workflows. A usable SBOM should enable CIAL to identify exposure quickly and demand corrective supplier action when data is missing, stale, or unverifiable.","Perform cross-document synthesis","SBOM,SPDX,CycloneDX,VEX,CSAF,provenance,vulnerability management,supply chain","","true","CISG-2024-02- SBOM  AIBOM  HBOM Version 2.0.pdf","CISG-2025-02-Comprehensive Cyber Security Audit Policy.pdf,CISG-2026-02- AI-Assisted Vulnerabilities in Digital Infrastructure.pdf,CISG-2026-03- AI-Accelerated Vulnerability Protection & Response.pdf","22-24,32-41;17-18;17,20-21;3,7,10","hard","Primary pp. 22-24 and 32-41; audit pp. 17-18; AI pp. 17 and 20-21; OEM pp. 3, 7, and 10."
"186","cross_document","Compare vulnerability management recommendations across all guidelines.","Across the corpus, vulnerability management is continuous, asset- and risk-based: maintain inventories and BOMs, scan internal and exposed systems, applications, APIs, cloud, endpoints, OT, AI, and dependencies; combine severity with exploitability, exposure, criticality, and threat intelligence; immediately escalate critical or exploited issues; patch or mitigate on defined timelines; use compensating controls where needed; and rescan or retest to verify closure. Audit, AI, MSME, space, SBOM, and OEM guidance differ mainly in domain and remediation urgency, not in this lifecycle. This common lifecycle supports a centralized vulnerability policy with domain-specific service levels and testing methods. CIAL can prioritize resources using exploitability and operational impact while retaining evidence of containment, exceptions, compensating controls, and verified closure.","Perform cross-document synthesis","continuous vulnerability management,asset inventory,BOM,CVSS,EPSS,critical vulnerabilities,compensating controls,remediation validation","","true","CISG-2026-02- AI-Assisted Vulnerabilities in Digital Infrastructure.pdf","CISG-2025-02-Comprehensive Cyber Security Audit Policy.pdf,CISG-2025-03-Cyber Defense Controls for MSMEs.pdf,CISG-2026-01-Cyber Security Framework for Space & Satellite Communication.pdf,CISG-2024-02- SBOM  AIBOM  HBOM Version 2.0.pdf,CISG-2026-03- AI-Accelerated Vulnerability Protection & Response.pdf","25-30;12-14,26,59-60;7,10;15,35,39;36-41;3-6,9-10","hard","AI pp. 25-30; audit pp. 12-14, 26, and 59-60; MSME pp. 7 and 10; space pp. 15, 35, and 39; BOM pp. 36-41; OEM pp. 3-6 and 9-10."
"187","comparison","Compare patch management recommendations across OEM and MSME guidance.","MSME guidance sets a foundational practice: regularly patch operating systems, applications, and firmware and monitor vendor and CERT-In advisories. OEM guidance imposes an accelerated provider process: validate exploitability and affected versions, prioritize by CVSS and whether AI-assisted exploitation is likely, meet indicative IT/OT timelines, provide compensating controls when patches cannot be immediate, supply deployment and rollback guidance, and automate patch notifications. MSMEs consume and apply patches; OEMs develop, communicate, and support them. CIAL should therefore distinguish its consumer patch process from supplier obligations. Internal teams need inventory, advisory monitoring, testing, deployment, and verification; contracts with OEMs need disclosure deadlines, patch timelines, mitigations, rollback support, notifications, and evidence.","Perform cross-document synthesis","patch management,MSME,OEM,CVSS,IT OT timelines,compensating controls,rollback,automated notification","","true","CISG-2026-03- AI-Accelerated Vulnerability Protection & Response.pdf","CISG-2025-03-Cyber Defense Controls for MSMEs.pdf","4-6;7","hard","Primary pp. 4-6; secondary p. 7."
"188","comparison","Compare governance recommendations across the AI Blueprint and Space Security framework.","Both frameworks require leadership oversight, formal policy, clear accountability, risk assessment, incident escalation, third-party governance, metrics, assurance, and continuous improvement. The AI blueprint emphasizes responsible AI adoption, shadow-AI visibility, model/provider risk, human decision oversight, AI logging, and adaptive governance. The space framework emphasizes a CSSO/CISO and dedicated team, mission-lifecycle governance, national and international space standards, CERT-In/IN-SPACe coordination, a cyber risk register, evidence repositories, mission-integrated SOC operations, and scheduled audits. The decision implication is to retain a common governance backbone but add domain-specific ownership and evidence. AI governance needs approval and oversight of models and autonomy; space governance needs mission, regulatory, lifecycle, and sector coordination under designated security leadership.","Perform cross-document synthesis","leadership oversight,accountability,AI governance,CSSO,risk register,CERT-In,continuous improvement,assurance","","true","CISG-2026-02- AI-Assisted Vulnerabilities in Digital Infrastructure.pdf","CISG-2026-01-Cyber Security Framework for Space & Satellite Communication.pdf","14-16,31-35;18,35-37","hard","Primary pp. 14-16 and 31-35; secondary pp. 18 and 35-37."
"189","comparison","Compare awareness and training recommendations across the MSME and AI Blueprint.","MSME guidance requires broad employee and contractor awareness at least twice yearly on phishing, passwords, social engineering, BYOD, safe use, sensitive data, and email, plus participation in CERT-In exercises. The AI blueprint adds AI-specific readiness for deepfakes, executive impersonation, secure public-AI use, data exposure, suspicious AI activity, and role-based SOC/detection skills. Both combine recurring education with exercises and reporting awareness; the AI program is more specialized and threat-adaptive. CIAL can combine these into one recurring awareness program with baseline content for all personnel and specialized modules for executives, AI users, developers, and security operations. Exercises and reporting metrics then provide evidence that awareness translates into operational response.","Perform cross-document synthesis","awareness training,twice yearly,phishing,deepfakes,secure AI use,role-based training,CERT-In exercises,reporting awareness","","true","CISG-2025-03-Cyber Defense Controls for MSMEs.pdf","CISG-2026-02- AI-Assisted Vulnerabilities in Digital Infrastructure.pdf","8;15,23-24,34,36","hard","Primary p. 8; secondary pp. 15, 23-24, 34, and 36."
"190","cross_document","Compare incident response guidance across all documents.","All applicable documents call for a documented, governed incident process covering detection, classification, escalation, containment, investigation, evidence preservation, communication, recovery, and post-incident improvement, with applicable incidents reported to CERT-In within six hours. MSME guidance establishes the baseline IRP and testing; AI guidance adds AI/deepfake scenarios, immutable recovery, exercises, and root-cause learning; space guidance adds mission coordination, uplink isolation, secure restoration, and resilience drills; OEM guidance adds customer notification, IOCs, product guidance, and continuing status updates; the audit policy checks whether these processes and evidence work. The comparison supports one enterprise incident framework with specialized playbooks for AI, product/supplier, and space events. Shared roles, reporting, evidence, and recovery controls improve consistency, while domain playbooks preserve the technical actions and stakeholders needed for each environment.","Perform cross-document synthesis","incident response,6-hour reporting,containment,evidence preservation,recovery,root cause analysis,resilience drills,stakeholder coordination","","true","CISG-2026-02- AI-Assisted Vulnerabilities in Digital Infrastructure.pdf","CISG-2025-03-Cyber Defense Controls for MSMEs.pdf,CISG-2026-01-Cyber Security Framework for Space & Satellite Communication.pdf,CISG-2026-03- AI-Accelerated Vulnerability Protection & Response.pdf,CISG-2025-02-Comprehensive Cyber Security Audit Policy.pdf","27-28;7;33-34;8-9;57,64-65","hard","AI pp. 27-28; MSME p. 7; space pp. 33-34; OEM pp. 8-9; audit pp. 57 and 64-65."
"191","comparison","Compare logging recommendations across the AI Blueprint and MSME guidance.","Both require broad logging and continuous monitoring. MSME guidance mandates comprehensive logs on key ICT systems, secure Indian storage for at least 180 days, monitoring of network and privileged-user activity, and tools for analysis and response. The AI blueprint expands this into centralized SIEM and cross-domain telemetry for endpoints, identities, networks, cloud, APIs, AI access, prompts and inference, anomaly detection, alert prioritization, correlation, threat hunting, and controlled automated response. For CIAL, the MSME requirements establish the minimum retention and coverage baseline, while the AI blueprint defines the target operating capability. The implementation decision is how to centralize these sources, correlate them, prioritize alerts, and staff continuous monitoring and hunting.","Perform cross-document synthesis","logging,180 days,Indian jurisdiction,SIEM,telemetry,AI activity logging,anomaly detection,threat hunting","","true","CISG-2026-02- AI-Assisted Vulnerabilities in Digital Infrastructure.pdf","CISG-2025-03-Cyber Defense Controls for MSMEs.pdf","19,21-24,33;7-8","hard","Primary pp. 19, 21-24, and 33; secondary pp. 7-8."
"192","comparison","Compare secure-by-design recommendations across AI and Space documents.","Both documents require security from inception and across the lifecycle. The AI blueprint embeds threat modelling, secure coding, CI/CD tests, hardened defaults, AI-code and dependency review, protected APIs and orchestration, model integrity, and continuous adversarial validation. The space framework embeds secure coding, cryptography, hardened encrypted/MFA defaults, architecture and component validation, command and telemetry protection, supply-chain checks, pre-launch testing, operational validation, and secure decommissioning. The shared decision gate is whether security evidence exists before release or deployment and continues through operation. CIAL can use lifecycle checkpoints for architecture, code, dependencies, configurations, cryptography, integration, testing, monitoring, updates, and decommissioning.","Perform cross-document synthesis","secure-by-design,threat modelling,secure coding,hardened defaults,CI/CD,cryptography,lifecycle validation,adversarial testing","","true","CISG-2026-02- AI-Assisted Vulnerabilities in Digital Infrastructure.pdf","CISG-2026-01-Cyber Security Framework for Space & Satellite Communication.pdf","12,18,32-35;16,33,38-39","hard","Primary pp. 12, 18, and 32-35; secondary pp. 16, 33, and 38-39."
"193","comparison","Compare third-party risk management recommendations across documents.","Across the documents, third-party risk begins with asset and dependency visibility and risk-tiered due diligence, then applies contractual controls, equivalent security baselines, restricted and monitored access, provenance and BOM validation, incident obligations, audit rights, and periodic reassessment. Audit guidance makes vendor and supply-chain review part of scope; MSME sets the minimum due-diligence baseline; AI addresses cloud, software, model, API, and provider dependencies; space adds trusted procurement, hardware provenance, firmware integrity, certification, and pre-integration audits. This supports a tiered third-party control framework: every provider receives baseline due diligence and contractual obligations, while critical software, AI, cloud, and space suppliers require deeper provenance, BOM, access, certification, audit, incident, and continuity evidence.","Perform cross-document synthesis","third-party risk,due diligence,contractual controls,audit rights,BOM,provenance,provider reassessment,trusted procurement","","true","CISG-2026-02- AI-Assisted Vulnerabilities in Digital Infrastructure.pdf","CISG-2025-02-Comprehensive Cyber Security Audit Policy.pdf,CISG-2025-03-Cyber Defense Controls for MSMEs.pdf,CISG-2026-01-Cyber Security Framework for Space & Satellite Communication.pdf","15,20-21,29,33;17,42;8;12,17-18,37-38","hard","AI pp. 15, 20-21, 29, and 33; audit pp. 17 and 42; MSME p. 8; space pp. 12, 17-18, and 37-38."
"194","comparison","Compare continuous monitoring recommendations across documents.","Continuous monitoring is consistently used to reduce detection and exposure windows. MSME focuses on key ICT logs, network activity, and privileged users. AI adds continuous attack-surface, endpoint, identity, cloud, API, AI, behavioral, and cross-domain telemetry with threat hunting and adaptive tuning. Space adds real-time telemetry, payload, RF, command, ground, and user-segment anomaly monitoring integrated with mission SOCs and CERT-In feeds. OEM guidance adds continuous product assessment, anomaly detection, exposure and remediation reporting, and monitoring during compensating-control periods. For CIAL, the comparison supports a common monitoring architecture with domain-specific telemetry and detections. Coverage decisions should be driven by critical assets and attack paths, and control effectiveness should be reviewed using alert quality, telemetry gaps, incidents, exercises, and remediation results.","Perform cross-document synthesis","continuous monitoring,attack surface,privileged users,AI telemetry,satellite telemetry,anomaly detection,threat hunting,continuous assessment","","true","CISG-2026-02- AI-Assisted Vulnerabilities in Digital Infrastructure.pdf","CISG-2025-03-Cyber Defense Controls for MSMEs.pdf,CISG-2026-01-Cyber Security Framework for Space & Satellite Communication.pdf,CISG-2026-03- AI-Accelerated Vulnerability Protection & Response.pdf","17,21-24,29-30;7-8;14-17,33,35-37;3,5,9-10","hard","AI pp. 17, 21-24, and 29-30; MSME pp. 7-8; space pp. 14-17, 33, and 35-37; OEM pp. 3, 5, and 9-10."
"195","comparison","Compare audit frequency recommendations across all applicable documents.","The general audit policy sets at least one comprehensive cyber security audit each year, with more frequent audits based on criticality, risk, regulators, and major changes. MSMEs may conduct a CERT-In-empanelled baseline audit annually and should independently assess business-critical assets at least annually. Space entities require external CERT-In-empanelled audits at least annually plus internal audits at least every six months. Secure-application guidance calls for vulnerability assessment at least annually and whenever the application changes. The operational decision is to treat annual assessment as a minimum, not the sole trigger. CIAL should plan additional review after major change and use more frequent internal checks where asset criticality, application releases, regulatory expectations, or space-system requirements justify them.","Perform cross-document synthesis","annual audit,risk-based frequency,major changes,MSME baseline audit,space external audit,six-month internal audit,application changes","","true","CISG-2024-01-Secure Application Design, Development & Operations.pdf","CISG-2025-02-Comprehensive Cyber Security Audit Policy.pdf,CISG-2025-03-Cyber Defense Controls for MSMEs.pdf,CISG-2026-01-Cyber Security Framework for Space & Satellite Communication.pdf","12;14,42-43;4,10;13,18","hard","Primary p. 12; audit pp. 14 and 42-43; MSME pp. 4 and 10; space pp. 13 and 18."
"196","unsupported","What quantum encryption algorithm does CERT-In mandate for all organizations?","The uploaded documents do not contain sufficient evidence to answer this question.","Return insufficient evidence","insufficient evidence,unsupported mandate,safe refusal","mandated quantum algorithm,official quantum encryption requirement,fabricated standard","false","","","","medium",""
"197","unsupported","Does CERT-In require every organization to deploy blockchain technology?","The uploaded documents do not contain sufficient evidence to answer this question.","Return insufficient evidence","insufficient evidence,no blockchain mandate,safe refusal","mandatory blockchain deployment,required blockchain adoption,fabricated requirement","false","","","","medium",""
"198","unsupported","What is the recommended annual cybersecurity budget for MSMEs?","The uploaded documents do not contain sufficient evidence to answer this question.","Return insufficient evidence","insufficient evidence,no budget figure,safe refusal","budget percentage,annual rupee amount,fabricated funding requirement","false","","","","medium",""
"199","unsupported","Which LLM vendor does CERT-In officially recommend for enterprise deployments?","The uploaded documents do not contain sufficient evidence to answer this question.","Return insufficient evidence","insufficient evidence,no vendor endorsement,safe refusal","OpenAI,Anthropic,Google,Microsoft,Meta","false","","","","medium",""
"200","unsupported","Does CERT-In require organizations to migrate all infrastructure to the cloud?","The uploaded documents do not contain sufficient evidence to answer this question.","Return insufficient evidence","insufficient evidence,no cloud migration mandate,safe refusal","mandatory cloud migration,all infrastructure to cloud,cloud-only requirement","false","","","","medium",""
